state,expt city,subject,meta,own,actual
Alabama,Birmingham,1,0.6,0,0
Alabama,Birmingham,2,0.5,0,0
Alabama,Birmingham,3,0.6,1,0
Alabama,Birmingham,4,0.6,0,0
Alabama,Birmingham,5,0.5,1,0
Alabama,Birmingham,6,0.5,1,0
Alabama,Birmingham,7,0.6,1,0
Alabama,Birmingham,8,0.65,1,0
Alabama,Birmingham,9,0.8,1,0
Alabama,Birmingham,10,0.6,1,0
Alabama,Birmingham,11,0.65,1,0
Alabama,Birmingham,12,0.9,1,0
Alabama,Birmingham,13,0.5,0,0
Alabama,Birmingham,14,0.4,0,0
Alabama,Birmingham,15,0.5,0,0
Alabama,Birmingham,16,0.5,0,0
Alabama,Birmingham,17,0.3,0,0
Alabama,Birmingham,18,0.2,0,0
Alabama,Birmingham,19,0.6,0,0
Alabama,Birmingham,20,0.4,0,0
Alabama,Birmingham,21,0.7,1,0
Alabama,Birmingham,22,0.6,1,0
Alabama,Birmingham,23,0.6,0,0
Alabama,Birmingham,24,0.9,1,0
Alabama,Birmingham,25,0.6,1,0
Alabama,Birmingham,26,0.5,0,0
Alabama,Birmingham,27,0.5,0,0
Alabama,Birmingham,28,0.75,1,0
Alabama,Birmingham,29,0.5,1,0
Alabama,Birmingham,30,0.2,0,0
Alabama,Birmingham,31,0.9,1,0
Alabama,Birmingham,32,0.65,1,0
Alabama,Birmingham,33,1,1,0
Alabama,Birmingham,34,0.5,0,0
Alabama,Birmingham,35,0.5,0,0
Alabama,Birmingham,36,0.7,1,0
Alabama,Birmingham,37,0.9,0,0
Alabama,Birmingham,38,0.4,0,0
Alabama,Birmingham,39,0.5,1,0
Alabama,Birmingham,40,0.2,0,0
Alabama,Birmingham,41,0.5,0,0
Alabama,Birmingham,42,0.5,0,0
Alabama,Birmingham,43,0.1,1,0
Alabama,Birmingham,44,0.6,1,0
Alabama,Birmingham,45,0.75,1,0
Alabama,Birmingham,46,0.1,0,0
Alabama,Birmingham,47,0.8,1,0
Alabama,Birmingham,48,0.1,0,0
Alabama,Birmingham,49,0.4,0,0
Alabama,Birmingham,50,0.8,1,0
Alabama,Birmingham,51,0.95,1,0
Alaska,Anchorage,1,0.6,0,0
Alaska,Anchorage,2,0.9,1,0
Alaska,Anchorage,3,1,1,0
Alaska,Anchorage,4,0.7,0,0
Alaska,Anchorage,5,0.9,0,0
Alaska,Anchorage,6,0.7,1,0
Alaska,Anchorage,7,0.8,1,0
Alaska,Anchorage,8,0.95,1,0
Alaska,Anchorage,9,0.6,0,0
Alaska,Anchorage,10,0.4,0,0
Alaska,Anchorage,11,0.8,1,0
Alaska,Anchorage,12,0.9,1,0
Alaska,Anchorage,13,0.6,0,0
Alaska,Anchorage,14,0.6,0,0
Alaska,Anchorage,15,0.65,1,0
Alaska,Anchorage,16,0.2,0,0
Alaska,Anchorage,17,0.2,0,0
Alaska,Anchorage,18,0.7,1,0
Alaska,Anchorage,19,0.75,1,0
Alaska,Anchorage,20,0.4,0,0
Alaska,Anchorage,21,0.7,1,0
Alaska,Anchorage,22,0.4,0,0
Alaska,Anchorage,23,0.6,0,0
Alaska,Anchorage,24,0.7,1,0
Alaska,Anchorage,25,0.8,1,0
Alaska,Anchorage,26,0.75,0,0
Alaska,Anchorage,27,0.5,0,0
Alaska,Anchorage,28,0.75,0,0
Alaska,Anchorage,29,0.5,1,0
Alaska,Anchorage,30,0.2,0,0
Alaska,Anchorage,31,0.95,0,0
Alaska,Anchorage,32,0.7,0,0
Alaska,Anchorage,33,0.6,0,0
Alaska,Anchorage,34,0.3,0,0
Alaska,Anchorage,35,0.25,0,0
Alaska,Anchorage,36,0.7,1,0
Alaska,Anchorage,37,0.6,0,0
Alaska,Anchorage,38,0.6,0,0
Alaska,Anchorage,39,0.4,1,0
Alaska,Anchorage,40,0.5,1,0
Alaska,Anchorage,41,0.6,0,0
Alaska,Anchorage,42,0.7,0,0
Alaska,Anchorage,43,0.1,0,0
Alaska,Anchorage,44,0.8,1,0
Alaska,Anchorage,45,0.8,1,0
Alaska,Anchorage,46,0.5,0,0
Alaska,Anchorage,47,0.8,1,0
Alaska,Anchorage,48,0.8,1,0
Alaska,Anchorage,49,0.6,0,0
Alaska,Anchorage,50,1,1,0
Alaska,Anchorage,51,0.05,0,0
Arizona,Phoenix,1,0.7,1,1
Arizona,Phoenix,2,0.9,1,1
Arizona,Phoenix,3,0.6,1,1
Arizona,Phoenix,4,0.7,0,1
Arizona,Phoenix,5,0,1,1
Arizona,Phoenix,6,0.65,1,1
Arizona,Phoenix,7,0.8,1,1
Arizona,Phoenix,8,0.05,1,1
Arizona,Phoenix,9,0.9,1,1
Arizona,Phoenix,10,0.4,0,1
Arizona,Phoenix,11,0.3,0,1
Arizona,Phoenix,12,0.9,1,1
Arizona,Phoenix,13,0.7,1,1
Arizona,Phoenix,14,0.7,1,1
Arizona,Phoenix,15,0.7,0,1
Arizona,Phoenix,16,0.8,1,1
Arizona,Phoenix,17,0.3,0,1
Arizona,Phoenix,18,0.65,1,1
Arizona,Phoenix,19,0.8,0,1
Arizona,Phoenix,20,0.8,1,1
Arizona,Phoenix,21,0.7,0,1
Arizona,Phoenix,22,0.75,1,1
Arizona,Phoenix,23,0.7,1,1
Arizona,Phoenix,24,0.8,1,1
Arizona,Phoenix,25,0.8,0,1
Arizona,Phoenix,26,0.8,1,1
Arizona,Phoenix,27,0.5,0,1
Arizona,Phoenix,28,0.8,0,1
Arizona,Phoenix,29,0.8,1,1
Arizona,Phoenix,30,0.9,1,1
Arizona,Phoenix,31,0.85,0,1
Arizona,Phoenix,32,0.6,0,1
Arizona,Phoenix,33,0.9,1,1
Arizona,Phoenix,34,0.75,1,1
Arizona,Phoenix,35,0.6,0,1
Arizona,Phoenix,36,0.7,1,1
Arizona,Phoenix,37,0.7,0,1
Arizona,Phoenix,38,0.9,1,1
Arizona,Phoenix,39,0.6,1,1
Arizona,Phoenix,40,0.2,0,1
Arizona,Phoenix,41,0.75,1,1
Arizona,Phoenix,42,0.5,1,1
Arizona,Phoenix,43,0.1,0,1
Arizona,Phoenix,44,0.75,1,1
Arizona,Phoenix,45,0.9,1,1
Arizona,Phoenix,46,0.75,1,1
Arizona,Phoenix,47,0.6,0,1
Arizona,Phoenix,48,0.7,0,1
Arizona,Phoenix,49,0.75,1,1
Arizona,Phoenix,50,0.65,1,1
Arizona,Phoenix,51,1,1,1
Arkansas,Little_Rock,1,0.7,1,1
Arkansas,Little_Rock,2,0.4,0,1
Arkansas,Little_Rock,3,0.6,1,1
Arkansas,Little_Rock,4,0.7,1,1
Arkansas,Little_Rock,5,0.8,0,1
Arkansas,Little_Rock,6,0.5,0,1
Arkansas,Little_Rock,7,0.6,1,1
Arkansas,Little_Rock,8,0.95,1,1
Arkansas,Little_Rock,9,0.6,1,1
Arkansas,Little_Rock,10,0.6,1,1
Arkansas,Little_Rock,11,0.75,1,1
Arkansas,Little_Rock,12,0.9,1,1
Arkansas,Little_Rock,13,0.8,1,1
Arkansas,Little_Rock,14,0.8,1,1
Arkansas,Little_Rock,15,0.8,1,1
Arkansas,Little_Rock,16,0.9,1,1
Arkansas,Little_Rock,17,0.4,0,1
Arkansas,Little_Rock,18,0.5,1,1
Arkansas,Little_Rock,19,0.75,0,1
Arkansas,Little_Rock,20,0.5,0,1
Arkansas,Little_Rock,21,0.8,1,1
Arkansas,Little_Rock,22,0.8,1,1
Arkansas,Little_Rock,23,0.95,1,1
Arkansas,Little_Rock,24,0.9,1,1
Arkansas,Little_Rock,25,0.75,1,1
Arkansas,Little_Rock,26,0.6,1,1
Arkansas,Little_Rock,27,0.5,0,1
Arkansas,Little_Rock,28,0.5,1,1
Arkansas,Little_Rock,29,0.5,0,1
Arkansas,Little_Rock,30,0.9,1,1
Arkansas,Little_Rock,31,0.9,1,1
Arkansas,Little_Rock,32,0.5,1,1
Arkansas,Little_Rock,33,0.8,1,1
Arkansas,Little_Rock,34,0.75,1,1
Arkansas,Little_Rock,35,0.8,1,1
Arkansas,Little_Rock,36,0.8,1,1
Arkansas,Little_Rock,37,0.7,0,1
Arkansas,Little_Rock,38,0.8,1,1
Arkansas,Little_Rock,39,0.4,0,1
Arkansas,Little_Rock,40,0.7,1,1
Arkansas,Little_Rock,41,0.2,0,1
Arkansas,Little_Rock,42,0.9,1,1
Arkansas,Little_Rock,43,0.1,1,1
Arkansas,Little_Rock,44,0.7,1,1
Arkansas,Little_Rock,45,0.85,0,1
Arkansas,Little_Rock,46,0.75,1,1
Arkansas,Little_Rock,47,0.7,1,1
Arkansas,Little_Rock,48,0.5,1,1
Arkansas,Little_Rock,49,0.4,1,1
Arkansas,Little_Rock,50,0.7,1,1
Arkansas,Little_Rock,51,0.8,1,1
California,Los_Angeles,1,0.3,0,0
California,Los_Angeles,2,0.8,1,0
California,Los_Angeles,3,1,1,0
California,Los_Angeles,4,0.4,0,0
California,Los_Angeles,5,0.9,0,0
California,Los_Angeles,6,0.2,0,0
California,Los_Angeles,7,0.6,1,0
California,Los_Angeles,8,0.99,1,0
California,Los_Angeles,9,0.5,0,0
California,Los_Angeles,10,0.4,0,0
California,Los_Angeles,11,0.1,0,0
California,Los_Angeles,12,0.8,0,0
California,Los_Angeles,13,0.9,1,0
California,Los_Angeles,14,0.3,0,0
California,Los_Angeles,15,0.8,1,0
California,Los_Angeles,16,0.95,1,0
California,Los_Angeles,17,0.1,0,0
California,Los_Angeles,18,0.65,0,0
California,Los_Angeles,19,0.8,0,0
California,Los_Angeles,20,0.8,1,0
California,Los_Angeles,21,0.5,0,0
California,Los_Angeles,22,0.3,0,0
California,Los_Angeles,23,0.1,0,0
California,Los_Angeles,24,0.6,0,0
California,Los_Angeles,25,0.8,1,0
California,Los_Angeles,26,0.45,0,0
California,Los_Angeles,27,0.7,0,0
California,Los_Angeles,28,0.5,0,0
California,Los_Angeles,29,0.8,0,0
California,Los_Angeles,30,0.9,1,0
California,Los_Angeles,31,0.95,0,0
California,Los_Angeles,32,0.8,0,0
California,Los_Angeles,33,0.6,0,0
California,Los_Angeles,34,0.25,0,0
California,Los_Angeles,35,0.7,0,0
California,Los_Angeles,36,0.2,0,0
California,Los_Angeles,37,0.15,0,0
California,Los_Angeles,38,0.6,0,0
California,Los_Angeles,39,0.6,0,0
California,Los_Angeles,40,0.3,0,0
California,Los_Angeles,41,0.1,0,0
California,Los_Angeles,42,0.7,0,0
California,Los_Angeles,43,0.2,0,0
California,Los_Angeles,44,0.7,1,0
California,Los_Angeles,45,0.6,0,0
California,Los_Angeles,46,0,0,0
California,Los_Angeles,47,0.85,0,0
California,Los_Angeles,48,0.6,0,0
California,Los_Angeles,49,0.25,0,0
California,Los_Angeles,50,0,0,0
California,Los_Angeles,51,0.05,0,0
Colorado,Denver,1,0.7,1,1
Colorado,Denver,2,0.8,1,1
Colorado,Denver,3,0.6,0,1
Colorado,Denver,4,0.3,0,1
Colorado,Denver,5,0.9,1,1
Colorado,Denver,6,0.5,1,1
Colorado,Denver,7,0.5,1,1
Colorado,Denver,8,0.95,1,1
Colorado,Denver,9,0.9,1,1
Colorado,Denver,10,0.6,1,1
Colorado,Denver,11,0.7,1,1
Colorado,Denver,12,0.9,1,1
Colorado,Denver,13,0.9,1,1
Colorado,Denver,14,0.8,1,1
Colorado,Denver,15,0.55,1,1
Colorado,Denver,16,0.8,1,1
Colorado,Denver,17,0.2,0,1
Colorado,Denver,18,0.65,1,1
Colorado,Denver,19,0.6,1,1
Colorado,Denver,20,0.6,0,1
Colorado,Denver,21,0.6,0,1
Colorado,Denver,22,0.9,1,1
Colorado,Denver,23,0.7,1,1
Colorado,Denver,24,0.6,0,1
Colorado,Denver,25,0.8,0,1
Colorado,Denver,26,0.7,1,1
Colorado,Denver,27,0.5,0,1
Colorado,Denver,28,0.8,1,1
Colorado,Denver,29,0.5,1,1
Colorado,Denver,30,0.9,1,1
Colorado,Denver,31,0.98,1,1
Colorado,Denver,32,0.9,1,1
Colorado,Denver,33,0.9,1,1
Colorado,Denver,34,0.5,0,1
Colorado,Denver,35,0.8,1,1
Colorado,Denver,36,0.7,1,1
Colorado,Denver,37,0.75,0,1
Colorado,Denver,38,0.8,1,1
Colorado,Denver,39,0.5,1,1
Colorado,Denver,40,0.6,1,1
Colorado,Denver,41,0.7,0,1
Colorado,Denver,42,0.8,1,1
Colorado,Denver,43,0.1,1,1
Colorado,Denver,44,0.75,1,1
Colorado,Denver,45,0.9,1,1
Colorado,Denver,46,0.7,1,1
Colorado,Denver,47,0.8,1,1
Colorado,Denver,48,0.6,1,1
Colorado,Denver,49,0.55,1,1
Colorado,Denver,50,0.85,1,1
Colorado,Denver,51,0.95,1,1
Connecticut,Bridgeport,1,0.5,0,0
Connecticut,Bridgeport,2,0.5,0,0
Connecticut,Bridgeport,3,0.75,1,0
Connecticut,Bridgeport,4,0.4,0,0
Connecticut,Bridgeport,5,0.1,0,0
Connecticut,Bridgeport,6,0.5,0,0
Connecticut,Bridgeport,7,0.6,1,0
Connecticut,Bridgeport,8,0.3,0,0
Connecticut,Bridgeport,9,0.5,0,0
Connecticut,Bridgeport,10,0.4,0,0
Connecticut,Bridgeport,11,0.2,0,0
Connecticut,Bridgeport,12,0.8,1,0
Connecticut,Bridgeport,13,0.2,0,0
Connecticut,Bridgeport,14,0.4,1,0
Connecticut,Bridgeport,15,0.5,0,0
Connecticut,Bridgeport,16,0.5,0,0
Connecticut,Bridgeport,17,0.5,1,0
Connecticut,Bridgeport,18,0.5,0,0
Connecticut,Bridgeport,19,0.5,0,0
Connecticut,Bridgeport,20,0.6,0,0
Connecticut,Bridgeport,21,0.6,0,0
Connecticut,Bridgeport,22,0.15,0,0
Connecticut,Bridgeport,23,0.6,0,0
Connecticut,Bridgeport,24,0.8,1,0
Connecticut,Bridgeport,25,0.7,0,0
Connecticut,Bridgeport,26,0.35,0,0
Connecticut,Bridgeport,27,0.5,1,0
Connecticut,Bridgeport,28,0.4,0,0
Connecticut,Bridgeport,29,0.5,0,0
Connecticut,Bridgeport,30,0.2,0,0
Connecticut,Bridgeport,31,0.6,0,0
Connecticut,Bridgeport,32,0.5,0,0
Connecticut,Bridgeport,33,0.7,0,0
Connecticut,Bridgeport,34,0.25,0,0
Connecticut,Bridgeport,35,0.4,0,0
Connecticut,Bridgeport,36,0.8,1,0
Connecticut,Bridgeport,37,0.01,0,0
Connecticut,Bridgeport,38,0.2,0,0
Connecticut,Bridgeport,39,0.8,0,0
Connecticut,Bridgeport,40,0.2,0,0
Connecticut,Bridgeport,41,0.4,0,0
Connecticut,Bridgeport,42,0.3,0,0
Connecticut,Bridgeport,43,0.1,0,0
Connecticut,Bridgeport,44,0.4,0,0
Connecticut,Bridgeport,45,0.8,0,0
Connecticut,Bridgeport,46,0.5,0,0
Connecticut,Bridgeport,47,0.6,0,0
Connecticut,Bridgeport,48,0.8,1,0
Connecticut,Bridgeport,49,0.8,0,0
Connecticut,Bridgeport,50,0,0,0
Connecticut,Bridgeport,51,0,0,0
Delaware,Wilmington,1,0.6,1,0
Delaware,Wilmington,2,0.3,0,0
Delaware,Wilmington,3,0.75,1,0
Delaware,Wilmington,4,0.7,1,0
Delaware,Wilmington,5,0.5,0,0
Delaware,Wilmington,6,0.5,0,0
Delaware,Wilmington,7,0.7,1,0
Delaware,Wilmington,8,0.5,1,0
Delaware,Wilmington,9,0.6,1,0
Delaware,Wilmington,10,0.4,0,0
Delaware,Wilmington,11,0.75,1,0
Delaware,Wilmington,12,0.9,1,0
Delaware,Wilmington,13,0.5,1,0
Delaware,Wilmington,14,0.5,0,0
Delaware,Wilmington,15,0.6,1,0
Delaware,Wilmington,16,0.4,0,0
Delaware,Wilmington,17,0.5,1,0
Delaware,Wilmington,18,0.3,1,0
Delaware,Wilmington,19,0.75,1,0
Delaware,Wilmington,20,0.4,0,0
Delaware,Wilmington,21,0.7,1,0
Delaware,Wilmington,22,0.35,1,0
Delaware,Wilmington,23,0.3,0,0
Delaware,Wilmington,24,0.95,1,0
Delaware,Wilmington,25,0.7,1,0
Delaware,Wilmington,26,0.45,1,0
Delaware,Wilmington,27,0.5,0,0
Delaware,Wilmington,28,0.6,0,0
Delaware,Wilmington,29,0.5,0,0
Delaware,Wilmington,30,0.2,0,0
Delaware,Wilmington,31,0.8,1,0
Delaware,Wilmington,32,0.5,1,0
Delaware,Wilmington,33,1,1,0
Delaware,Wilmington,34,0.5,0,0
Delaware,Wilmington,35,0.2,0,0
Delaware,Wilmington,36,0.3,0,0
Delaware,Wilmington,37,0.7,0,0
Delaware,Wilmington,38,0.6,0,0
Delaware,Wilmington,39,0.7,0,0
Delaware,Wilmington,40,0.5,1,0
Delaware,Wilmington,41,0.4,0,0
Delaware,Wilmington,42,0.5,0,0
Delaware,Wilmington,43,0.1,1,0
Delaware,Wilmington,44,0.4,0,0
Delaware,Wilmington,45,0.6,1,0
Delaware,Wilmington,46,0.5,1,0
Delaware,Wilmington,47,0.7,1,0
Delaware,Wilmington,48,0.6,1,0
Delaware,Wilmington,49,0.5,0,0
Delaware,Wilmington,50,0.77,1,0
Delaware,Wilmington,51,0.1,0,0
Florida,Jacksonville,1,0.6,1,0
Florida,Jacksonville,2,0.4,0,0
Florida,Jacksonville,3,0.75,1,0
Florida,Jacksonville,4,0.4,0,0
Florida,Jacksonville,5,0.9,0,0
Florida,Jacksonville,6,0.5,0,0
Florida,Jacksonville,7,0.5,1,0
Florida,Jacksonville,8,0.5,0,0
Florida,Jacksonville,9,0.8,0,0
Florida,Jacksonville,10,0.4,0,0
Florida,Jacksonville,11,0.6,1,0
Florida,Jacksonville,12,0.8,0,0
Florida,Jacksonville,13,0.3,1,0
Florida,Jacksonville,14,0.2,0,0
Florida,Jacksonville,15,0.65,0,0
Florida,Jacksonville,16,0.8,0,0
Florida,Jacksonville,17,0.4,1,0
Florida,Jacksonville,18,0.5,0,0
Florida,Jacksonville,19,0.6,0,0
Florida,Jacksonville,20,0.1,0,0
Florida,Jacksonville,21,0.5,0,0
Florida,Jacksonville,22,0.02,0,0
Florida,Jacksonville,23,0.25,0,0
Florida,Jacksonville,24,0.95,1,0
Florida,Jacksonville,25,0.6,0,0
Florida,Jacksonville,26,0.6,1,0
Florida,Jacksonville,27,0.3,1,0
Florida,Jacksonville,28,0.4,0,0
Florida,Jacksonville,29,0.5,1,0
Florida,Jacksonville,30,0.2,0,0
Florida,Jacksonville,31,0.6,0,0
Florida,Jacksonville,32,0.7,0,0
Florida,Jacksonville,33,0.4,0,0
Florida,Jacksonville,34,0.5,0,0
Florida,Jacksonville,35,0.7,0,0
Florida,Jacksonville,36,0.3,0,0
Florida,Jacksonville,37,0.7,0,0
Florida,Jacksonville,38,0.4,0,0
Florida,Jacksonville,39,0.7,1,0
Florida,Jacksonville,40,0.3,0,0
Florida,Jacksonville,41,0.2,0,0
Florida,Jacksonville,42,0.2,0,0
Florida,Jacksonville,43,0.1,1,0
Florida,Jacksonville,44,0.3,0,0
Florida,Jacksonville,45,0.7,0,0
Florida,Jacksonville,46,0.5,0,0
Florida,Jacksonville,47,0.9,1,0
Florida,Jacksonville,48,0.7,1,0
Florida,Jacksonville,49,0.5,0,0
Florida,Jacksonville,50,0.2,0,0
Florida,Jacksonville,51,0.2,0,0
Georgia,Atlanta,1,0.5,0,1
Georgia,Atlanta,2,0.7,1,1
Georgia,Atlanta,3,0.9,1,1
Georgia,Atlanta,4,0.7,0,1
Georgia,Atlanta,5,0.8,1,1
Georgia,Atlanta,6,0.5,1,1
Georgia,Atlanta,7,0.8,1,1
Georgia,Atlanta,8,0.95,1,1
Georgia,Atlanta,9,0.8,1,1
Georgia,Atlanta,10,0.4,0,1
Georgia,Atlanta,11,0.7,1,1
Georgia,Atlanta,12,0.9,1,1
Georgia,Atlanta,13,0.8,1,1
Georgia,Atlanta,14,0.6,0,1
Georgia,Atlanta,15,0.45,0,1
Georgia,Atlanta,16,0.85,1,1
Georgia,Atlanta,17,0.3,0,1
Georgia,Atlanta,18,0.9,1,1
Georgia,Atlanta,19,0.8,1,1
Georgia,Atlanta,20,0.7,0,1
Georgia,Atlanta,21,0.7,0,1
Georgia,Atlanta,22,0.9,1,1
Georgia,Atlanta,23,0.5,0,1
Georgia,Atlanta,24,0.95,1,1
Georgia,Atlanta,25,0.75,0,1
Georgia,Atlanta,26,0.6,0,1
Georgia,Atlanta,27,0.5,1,1
Georgia,Atlanta,28,0.7,0,1
Georgia,Atlanta,29,0.5,0,1
Georgia,Atlanta,30,0.85,1,1
Georgia,Atlanta,31,0.98,1,1
Georgia,Atlanta,32,0.7,1,1
Georgia,Atlanta,33,0.8,1,1
Georgia,Atlanta,34,0.5,0,1
Georgia,Atlanta,35,0.9,1,1
Georgia,Atlanta,36,0.8,1,1
Georgia,Atlanta,37,1,1,1
Georgia,Atlanta,38,0.7,1,1
Georgia,Atlanta,39,0.8,1,1
Georgia,Atlanta,40,0.8,1,1
Georgia,Atlanta,41,0.75,0,1
Georgia,Atlanta,42,0.9,1,1
Georgia,Atlanta,43,0.1,1,1
Georgia,Atlanta,44,0.75,1,1
Georgia,Atlanta,45,0.9,1,1
Georgia,Atlanta,46,0.75,1,1
Georgia,Atlanta,47,0.8,1,1
Georgia,Atlanta,48,0.7,1,1
Georgia,Atlanta,49,0.75,1,1
Georgia,Atlanta,50,0.8,1,1
Georgia,Atlanta,51,1,1,1
Hawaii,Honolulu,1,0.8,1,1
Hawaii,Honolulu,2,0.8,1,1
Hawaii,Honolulu,3,0.8,1,1
Hawaii,Honolulu,4,0.7,0,1
Hawaii,Honolulu,5,0.8,1,1
Hawaii,Honolulu,6,0.5,1,1
Hawaii,Honolulu,7,0.7,1,1
Hawaii,Honolulu,8,0.99,1,1
Hawaii,Honolulu,9,0.9,1,1
Hawaii,Honolulu,10,0.6,1,1
Hawaii,Honolulu,11,1,1,1
Hawaii,Honolulu,12,0.9,1,1
Hawaii,Honolulu,13,0.95,1,1
Hawaii,Honolulu,14,1,1,1
Hawaii,Honolulu,15,0.75,1,1
Hawaii,Honolulu,16,0.9,1,1
Hawaii,Honolulu,17,0.65,1,1
Hawaii,Honolulu,18,0.8,1,1
Hawaii,Honolulu,19,0.8,1,1
Hawaii,Honolulu,20,0.8,1,1
Hawaii,Honolulu,21,0.9,1,1
Hawaii,Honolulu,22,0.98,1,1
Hawaii,Honolulu,23,0.95,1,1
Hawaii,Honolulu,24,0.95,1,1
Hawaii,Honolulu,25,0.9,1,1
Hawaii,Honolulu,26,0.35,1,1
Hawaii,Honolulu,27,0.7,1,1
Hawaii,Honolulu,28,0.7,1,1
Hawaii,Honolulu,29,0.5,1,1
Hawaii,Honolulu,30,0.95,1,1
Hawaii,Honolulu,31,0.9,1,1
Hawaii,Honolulu,32,0.8,1,1
Hawaii,Honolulu,33,1,1,1
Hawaii,Honolulu,34,0.75,1,1
Hawaii,Honolulu,35,0.9,1,1
Hawaii,Honolulu,36,0.7,1,1
Hawaii,Honolulu,37,0.75,0,1
Hawaii,Honolulu,38,0.9,1,1
Hawaii,Honolulu,39,0.9,1,1
Hawaii,Honolulu,40,0.8,1,1
Hawaii,Honolulu,41,0.8,1,1
Hawaii,Honolulu,42,0.9,1,1
Hawaii,Honolulu,43,0.1,1,1
Hawaii,Honolulu,44,0.75,1,1
Hawaii,Honolulu,45,0.9,1,1
Hawaii,Honolulu,46,0.8,1,1
Hawaii,Honolulu,47,0.95,1,1
Hawaii,Honolulu,48,0.7,1,1
Hawaii,Honolulu,49,0.8,1,1
Hawaii,Honolulu,50,0.95,1,1
Hawaii,Honolulu,51,1,1,1
Idaho,Boise,1,0.5,0,1
Idaho,Boise,2,0.1,0,1
Idaho,Boise,3,0.75,1,1
Idaho,Boise,4,0.7,1,1
Idaho,Boise,5,0.8,1,1
Idaho,Boise,6,0.5,1,1
Idaho,Boise,7,0.7,1,1
Idaho,Boise,8,0.4,0,1
Idaho,Boise,9,0.7,1,1
Idaho,Boise,10,0.6,1,1
Idaho,Boise,11,0.6,1,1
Idaho,Boise,12,0.9,1,1
Idaho,Boise,13,0.75,1,1
Idaho,Boise,14,0.9,1,1
Idaho,Boise,15,0.45,1,1
Idaho,Boise,16,0.3,0,1
Idaho,Boise,17,0.3,0,1
Idaho,Boise,18,0.5,0,1
Idaho,Boise,19,0.75,1,1
Idaho,Boise,20,0.7,1,1
Idaho,Boise,21,0.7,1,1
Idaho,Boise,22,0.8,1,1
Idaho,Boise,23,0.6,1,1
Idaho,Boise,24,0.95,1,1
Idaho,Boise,25,0.5,1,1
Idaho,Boise,26,0.4,1,1
Idaho,Boise,27,0.8,0,1
Idaho,Boise,28,0.7,1,1
Idaho,Boise,29,0.5,1,1
Idaho,Boise,30,0.8,0,1
Idaho,Boise,31,0.7,1,1
Idaho,Boise,32,0.5,1,1
Idaho,Boise,33,1,1,1
Idaho,Boise,34,0.75,1,1
Idaho,Boise,35,0.9,1,1
Idaho,Boise,36,0.8,1,1
Idaho,Boise,37,0.8,0,1
Idaho,Boise,38,0.9,1,1
Idaho,Boise,39,0.2,1,1
Idaho,Boise,40,0.9,1,1
Idaho,Boise,41,0.7,0,1
Idaho,Boise,42,0.8,1,1
Idaho,Boise,43,0.1,1,1
Idaho,Boise,44,0.4,0,1
Idaho,Boise,45,0.9,1,1
Idaho,Boise,46,0.6,1,1
Idaho,Boise,47,0.9,1,1
Idaho,Boise,48,0.8,1,1
Idaho,Boise,49,0.5,1,1
Idaho,Boise,50,0.95,1,1
Idaho,Boise,51,0.95,1,1
Illinois,Chicago,1,0.7,1,0
Illinois,Chicago,2,0.9,1,0
Illinois,Chicago,3,0.9,1,0
Illinois,Chicago,4,0.9,1,0
Illinois,Chicago,5,0.8,1,0
Illinois,Chicago,6,0.5,1,0
Illinois,Chicago,7,0.7,1,0
Illinois,Chicago,8,0.8,1,0
Illinois,Chicago,9,0.7,0,0
Illinois,Chicago,10,0.4,0,0
Illinois,Chicago,11,0.7,0,0
Illinois,Chicago,12,0.9,1,0
Illinois,Chicago,13,0.8,1,0
Illinois,Chicago,14,0.8,1,0
Illinois,Chicago,15,0.5,0,0
Illinois,Chicago,16,1,1,0
Illinois,Chicago,17,0.3,0,0
Illinois,Chicago,18,0.8,1,0
Illinois,Chicago,19,0.8,1,0
Illinois,Chicago,20,0.3,0,0
Illinois,Chicago,21,0.7,0,0
Illinois,Chicago,22,0.75,0,0
Illinois,Chicago,23,0.6,0,0
Illinois,Chicago,24,0.7,0,0
Illinois,Chicago,25,0.75,1,0
Illinois,Chicago,26,0.6,0,0
Illinois,Chicago,27,0.6,1,0
Illinois,Chicago,28,0.4,0,0
Illinois,Chicago,29,0.5,0,0
Illinois,Chicago,30,0.9,1,0
Illinois,Chicago,31,0.95,1,0
Illinois,Chicago,32,0.65,0,0
Illinois,Chicago,33,1,1,0
Illinois,Chicago,34,0.75,0,0
Illinois,Chicago,35,0.8,1,0
Illinois,Chicago,36,0.7,1,0
Illinois,Chicago,37,0.8,1,0
Illinois,Chicago,38,0.9,1,0
Illinois,Chicago,39,0.6,1,0
Illinois,Chicago,40,0.9,1,0
Illinois,Chicago,41,0.6,0,0
Illinois,Chicago,42,0.5,0,0
Illinois,Chicago,43,0.1,0,0
Illinois,Chicago,44,0.8,1,0
Illinois,Chicago,45,0.9,1,0
Illinois,Chicago,46,0.25,0,0
Illinois,Chicago,47,0.95,1,0
Illinois,Chicago,48,0.8,1,0
Illinois,Chicago,49,0.75,1,0
Illinois,Chicago,50,0.05,0,0
Illinois,Chicago,51,1,1,0
Indiana,Indianapolis,1,0.6,1,1
Indiana,Indianapolis,2,0.85,1,1
Indiana,Indianapolis,3,0.75,1,1
Indiana,Indianapolis,4,0.8,1,1
Indiana,Indianapolis,5,0.6,1,1
Indiana,Indianapolis,6,0.5,1,1
Indiana,Indianapolis,7,0.6,1,1
Indiana,Indianapolis,8,0.85,1,1
Indiana,Indianapolis,9,0.8,1,1
Indiana,Indianapolis,10,0.6,1,1
Indiana,Indianapolis,11,0.35,1,1
Indiana,Indianapolis,12,0.9,1,1
Indiana,Indianapolis,13,0.8,1,1
Indiana,Indianapolis,14,0.8,1,1
Indiana,Indianapolis,15,0.6,1,1
Indiana,Indianapolis,16,0.5,0,1
Indiana,Indianapolis,17,0.3,0,1
Indiana,Indianapolis,18,0.9,1,1
Indiana,Indianapolis,19,0.8,1,1
Indiana,Indianapolis,20,0.7,1,1
Indiana,Indianapolis,21,0.7,0,1
Indiana,Indianapolis,22,0.85,1,1
Indiana,Indianapolis,23,0.7,1,1
Indiana,Indianapolis,24,0.95,1,1
Indiana,Indianapolis,25,0.7,1,1
Indiana,Indianapolis,26,0.4,1,1
Indiana,Indianapolis,27,0.5,0,1
Indiana,Indianapolis,28,0.6,1,1
Indiana,Indianapolis,29,0.5,1,1
Indiana,Indianapolis,30,0.9,1,1
Indiana,Indianapolis,31,0.6,0,1
Indiana,Indianapolis,32,0.7,1,1
Indiana,Indianapolis,33,0.9,1,1
Indiana,Indianapolis,34,0.5,0,1
Indiana,Indianapolis,35,0.6,0,1
Indiana,Indianapolis,36,0.6,1,1
Indiana,Indianapolis,37,0.8,1,1
Indiana,Indianapolis,38,0.9,1,1
Indiana,Indianapolis,39,0.6,1,1
Indiana,Indianapolis,40,0.3,1,1
Indiana,Indianapolis,41,0.8,0,1
Indiana,Indianapolis,42,0.9,1,1
Indiana,Indianapolis,43,0.1,1,1
Indiana,Indianapolis,44,0.7,1,1
Indiana,Indianapolis,45,0.85,1,1
Indiana,Indianapolis,46,0.6,1,1
Indiana,Indianapolis,47,0.8,1,1
Indiana,Indianapolis,48,0.6,1,1
Indiana,Indianapolis,49,0.65,1,1
Indiana,Indianapolis,50,0.8,1,1
Indiana,Indianapolis,51,1,1,1
Iowa,Des_Moines,1,0.6,1,1
Iowa,Des_Moines,2,0.25,0,1
Iowa,Des_Moines,3,0.75,1,1
Iowa,Des_Moines,4,0.7,1,1
Iowa,Des_Moines,5,0.5,1,1
Iowa,Des_Moines,6,0.5,1,1
Iowa,Des_Moines,7,0.7,1,1
Iowa,Des_Moines,8,0.4,0,1
Iowa,Des_Moines,9,0.8,1,1
Iowa,Des_Moines,10,0.6,1,1
Iowa,Des_Moines,11,0.7,1,1
Iowa,Des_Moines,12,0.9,1,1
Iowa,Des_Moines,13,0.6,1,1
Iowa,Des_Moines,14,1,1,1
Iowa,Des_Moines,15,0.6,0,1
Iowa,Des_Moines,16,0.8,1,1
Iowa,Des_Moines,17,0.4,1,1
Iowa,Des_Moines,18,0.2,0,1
Iowa,Des_Moines,19,0.8,1,1
Iowa,Des_Moines,20,0.4,0,1
Iowa,Des_Moines,21,0.8,1,1
Iowa,Des_Moines,22,0.75,1,1
Iowa,Des_Moines,23,0.6,1,1
Iowa,Des_Moines,24,0.9,1,1
Iowa,Des_Moines,25,0.5,0,1
Iowa,Des_Moines,26,0.3,0,1
Iowa,Des_Moines,27,0.5,1,1
Iowa,Des_Moines,28,0.7,1,1
Iowa,Des_Moines,29,0.5,1,1
Iowa,Des_Moines,30,0.3,0,1
Iowa,Des_Moines,31,0.8,1,1
Iowa,Des_Moines,32,0.6,1,1
Iowa,Des_Moines,33,0.9,1,1
Iowa,Des_Moines,34,0.5,0,1
Iowa,Des_Moines,35,0.8,1,1
Iowa,Des_Moines,36,0.7,1,1
Iowa,Des_Moines,37,0.7,0,1
Iowa,Des_Moines,38,0.8,1,1
Iowa,Des_Moines,39,0.4,1,1
Iowa,Des_Moines,40,0.7,0,1
Iowa,Des_Moines,41,0.7,0,1
Iowa,Des_Moines,42,0.8,1,1
Iowa,Des_Moines,43,0.1,1,1
Iowa,Des_Moines,44,0.6,1,1
Iowa,Des_Moines,45,0.8,1,1
Iowa,Des_Moines,46,0.6,1,1
Iowa,Des_Moines,47,0.7,1,1
Iowa,Des_Moines,48,0.6,1,1
Iowa,Des_Moines,49,0.55,1,1
Iowa,Des_Moines,50,0.78,1,1
Iowa,Des_Moines,51,0.85,1,1
Kansas,Wichita,1,0.7,1,0
Kansas,Wichita,2,0.35,0,0
Kansas,Wichita,3,0.75,1,0
Kansas,Wichita,4,0.4,0,0
Kansas,Wichita,5,0.6,0,0
Kansas,Wichita,6,0.5,1,0
Kansas,Wichita,7,0.6,1,0
Kansas,Wichita,8,0.25,0,0
Kansas,Wichita,9,0.75,1,0
Kansas,Wichita,10,0.6,1,0
Kansas,Wichita,11,0.65,0,0
Kansas,Wichita,12,0.9,1,0
Kansas,Wichita,13,0.5,0,0
Kansas,Wichita,14,0.8,1,0
Kansas,Wichita,15,0.55,0,0
Kansas,Wichita,16,0.6,1,0
Kansas,Wichita,17,0.45,1,0
Kansas,Wichita,18,0.5,0,0
Kansas,Wichita,19,0.8,0,0
Kansas,Wichita,20,0.4,0,0
Kansas,Wichita,21,0.6,1,0
Kansas,Wichita,22,0.45,0,0
Kansas,Wichita,23,0.5,0,0
Kansas,Wichita,24,0.8,1,0
Kansas,Wichita,25,0.7,0,0
Kansas,Wichita,26,0.3,1,0
Kansas,Wichita,27,0.5,1,0
Kansas,Wichita,28,0.7,0,0
Kansas,Wichita,29,0.5,0,0
Kansas,Wichita,30,0.2,0,0
Kansas,Wichita,31,0.8,1,0
Kansas,Wichita,32,0.5,1,0
Kansas,Wichita,33,0.9,1,0
Kansas,Wichita,34,0.5,0,0
Kansas,Wichita,35,0.2,0,0
Kansas,Wichita,36,0.7,1,0
Kansas,Wichita,37,0.6,0,0
Kansas,Wichita,38,0.4,0,0
Kansas,Wichita,39,0.5,0,0
Kansas,Wichita,40,0.8,1,0
Kansas,Wichita,41,0.5,0,0
Kansas,Wichita,42,0.5,1,0
Kansas,Wichita,43,0.1,1,0
Kansas,Wichita,44,0.65,1,0
Kansas,Wichita,45,0.9,1,0
Kansas,Wichita,46,0.6,1,0
Kansas,Wichita,47,0.7,1,0
Kansas,Wichita,48,0.5,1,0
Kansas,Wichita,49,0.35,0,0
Kansas,Wichita,50,0.92,0,0
Kansas,Wichita,51,0.8,1,0
Kentucky,Louisville,1,0.6,1,0
Kentucky,Louisville,2,0.45,0,0
Kentucky,Louisville,3,0.75,1,0
Kentucky,Louisville,4,0.6,1,0
Kentucky,Louisville,5,0.6,0,0
Kentucky,Louisville,6,0.5,0,0
Kentucky,Louisville,7,0.6,1,0
Kentucky,Louisville,8,0.8,1,0
Kentucky,Louisville,9,0.8,1,0
Kentucky,Louisville,10,0.6,1,0
Kentucky,Louisville,11,0.65,1,0
Kentucky,Louisville,12,0.9,1,0
Kentucky,Louisville,13,0.5,0,0
Kentucky,Louisville,14,0.7,1,0
Kentucky,Louisville,15,0.45,1,0
Kentucky,Louisville,16,0.5,0,0
Kentucky,Louisville,17,0.3,0,0
Kentucky,Louisville,18,0.2,1,0
Kentucky,Louisville,19,0.8,1,0
Kentucky,Louisville,20,0.4,0,0
Kentucky,Louisville,21,0.7,1,0
Kentucky,Louisville,22,0.3,0,0
Kentucky,Louisville,23,0.5,1,0
Kentucky,Louisville,24,0.95,1,0
Kentucky,Louisville,25,0.5,0,0
Kentucky,Louisville,26,0.7,0,0
Kentucky,Louisville,27,0.5,0,0
Kentucky,Louisville,28,0.6,0,0
Kentucky,Louisville,29,0.5,0,0
Kentucky,Louisville,30,0.2,0,0
Kentucky,Louisville,31,0.9,1,0
Kentucky,Louisville,32,0.5,1,0
Kentucky,Louisville,33,0.9,1,0
Kentucky,Louisville,34,0.75,1,0
Kentucky,Louisville,35,0.5,0,0
Kentucky,Louisville,36,0.3,0,0
Kentucky,Louisville,37,0.7,0,0
Kentucky,Louisville,38,0.2,0,0
Kentucky,Louisville,39,0.6,0,0
Kentucky,Louisville,40,0.6,1,0
Kentucky,Louisville,41,0.4,1,0
Kentucky,Louisville,42,0.5,0,0
Kentucky,Louisville,43,0.1,1,0
Kentucky,Louisville,44,0.6,1,0
Kentucky,Louisville,45,0.85,1,0
Kentucky,Louisville,46,0.6,1,0
Kentucky,Louisville,47,0.75,1,0
Kentucky,Louisville,48,0.6,0,0
Kentucky,Louisville,49,0.55,1,0
Kentucky,Louisville,50,0.88,1,0
Kentucky,Louisville,51,0.7,1,0
Louisiana,New_Orleans,1,0.7,1,0
Louisiana,New_Orleans,2,0.65,1,0
Louisiana,New_Orleans,3,0.75,1,0
Louisiana,New_Orleans,4,0.4,0,0
Louisiana,New_Orleans,5,0.4,0,0
Louisiana,New_Orleans,6,0.5,1,0
Louisiana,New_Orleans,7,0.7,1,0
Louisiana,New_Orleans,8,0.9,1,0
Louisiana,New_Orleans,9,0.8,0,0
Louisiana,New_Orleans,10,0.4,0,0
Louisiana,New_Orleans,11,0.55,1,0
Louisiana,New_Orleans,12,0.9,1,0
Louisiana,New_Orleans,13,0.75,1,0
Louisiana,New_Orleans,14,1,1,0
Louisiana,New_Orleans,15,0.45,0,0
Louisiana,New_Orleans,16,0.85,1,0
Louisiana,New_Orleans,17,0.35,0,0
Louisiana,New_Orleans,18,0.9,1,0
Louisiana,New_Orleans,19,0.8,1,0
Louisiana,New_Orleans,20,0.7,1,0
Louisiana,New_Orleans,21,0.6,0,0
Louisiana,New_Orleans,22,0.5,0,0
Louisiana,New_Orleans,23,0.4,0,0
Louisiana,New_Orleans,24,0.9,1,0
Louisiana,New_Orleans,25,0.9,1,0
Louisiana,New_Orleans,26,0.9,0,0
Louisiana,New_Orleans,27,0.6,1,0
Louisiana,New_Orleans,28,0.8,0,0
Louisiana,New_Orleans,29,0.5,0,0
Louisiana,New_Orleans,30,0.95,1,0
Louisiana,New_Orleans,31,0.9,0,0
Louisiana,New_Orleans,32,0.8,0,0
Louisiana,New_Orleans,33,0.7,0,0
Louisiana,New_Orleans,34,0.25,0,0
Louisiana,New_Orleans,35,0.6,0,0
Louisiana,New_Orleans,36,0.7,1,0
Louisiana,New_Orleans,37,0.2,0,0
Louisiana,New_Orleans,38,0.4,0,0
Louisiana,New_Orleans,39,0.7,1,0
Louisiana,New_Orleans,40,0.9,1,0
Louisiana,New_Orleans,41,0.15,0,0
Louisiana,New_Orleans,42,0.5,0,0
Louisiana,New_Orleans,43,0.1,0,0
Louisiana,New_Orleans,44,0.7,1,0
Louisiana,New_Orleans,45,0.9,1,0
Louisiana,New_Orleans,46,0.5,0,0
Louisiana,New_Orleans,47,0.85,0,0
Louisiana,New_Orleans,48,0.8,0,0
Louisiana,New_Orleans,49,0.3,0,0
Louisiana,New_Orleans,50,0.05,0,0
Louisiana,New_Orleans,51,0.9,1,0
Maine,Portland,1,0.6,0,0
Maine,Portland,2,0.5,0,0
Maine,Portland,3,0.75,1,0
Maine,Portland,4,0.8,1,0
Maine,Portland,5,0.8,0,0
Maine,Portland,6,0.5,0,0
Maine,Portland,7,0.9,1,0
Maine,Portland,8,0.8,1,0
Maine,Portland,9,0.8,1,0
Maine,Portland,10,0.4,0,0
Maine,Portland,11,0.6,0,0
Maine,Portland,12,0.8,0,0
Maine,Portland,13,0.8,1,0
Maine,Portland,14,1,1,0
Maine,Portland,15,0.35,0,0
Maine,Portland,16,0.9,1,0
Maine,Portland,17,0.4,1,0
Maine,Portland,18,0.6,1,0
Maine,Portland,19,0.8,1,0
Maine,Portland,20,0.6,1,0
Maine,Portland,21,0.7,1,0
Maine,Portland,22,0.75,1,0
Maine,Portland,23,0.4,0,0
Maine,Portland,24,0.9,1,0
Maine,Portland,25,0.8,1,0
Maine,Portland,26,0.45,1,0
Maine,Portland,27,0.7,1,0
Maine,Portland,28,0.7,0,0
Maine,Portland,29,0.5,1,0
Maine,Portland,30,0.6,0,0
Maine,Portland,31,0.8,1,0
Maine,Portland,32,0.7,1,0
Maine,Portland,33,0.8,1,0
Maine,Portland,34,0.5,0,0
Maine,Portland,35,0.6,0,0
Maine,Portland,36,0.7,1,0
Maine,Portland,37,0.95,1,0
Maine,Portland,38,0.7,0,0
Maine,Portland,39,0.8,1,0
Maine,Portland,40,0.9,1,0
Maine,Portland,41,0.2,0,0
Maine,Portland,42,0.9,1,0
Maine,Portland,43,0.1,0,0
Maine,Portland,44,0.6,1,0
Maine,Portland,45,0.9,1,0
Maine,Portland,46,0.6,1,0
Maine,Portland,47,0.85,1,0
Maine,Portland,48,0.5,1,0
Maine,Portland,49,0.4,0,0
Maine,Portland,50,0.3,1,0
Maine,Portland,51,0.9,1,0
Maryland,Baltimore,1,0.65,1,0
Maryland,Baltimore,2,0.5,0,0
Maryland,Baltimore,3,0.7,1,0
Maryland,Baltimore,4,0.6,0,0
Maryland,Baltimore,5,0.5,0,0
Maryland,Baltimore,6,0.5,1,0
Maryland,Baltimore,7,0.9,1,0
Maryland,Baltimore,8,0.85,1,0
Maryland,Baltimore,9,0.6,0,0
Maryland,Baltimore,10,0.6,1,0
Maryland,Baltimore,11,0.9,1,0
Maryland,Baltimore,12,0.9,1,0
Maryland,Baltimore,13,0.7,1,0
Maryland,Baltimore,14,1,1,0
Maryland,Baltimore,15,0.55,1,0
Maryland,Baltimore,16,0.8,1,0
Maryland,Baltimore,17,0.4,1,0
Maryland,Baltimore,18,0.8,1,0
Maryland,Baltimore,19,0.8,1,0
Maryland,Baltimore,20,0.5,1,0
Maryland,Baltimore,21,0,0,0
Maryland,Baltimore,22,0.4,1,0
Maryland,Baltimore,23,0.5,0,0
Maryland,Baltimore,24,0.8,0,0
Maryland,Baltimore,25,0.8,1,0
Maryland,Baltimore,26,0.55,1,0
Maryland,Baltimore,27,0.6,1,0
Maryland,Baltimore,28,0.7,1,0
Maryland,Baltimore,29,0.5,1,0
Maryland,Baltimore,30,0.7,1,0
Maryland,Baltimore,31,0.9,1,0
Maryland,Baltimore,32,0.6,0,0
Maryland,Baltimore,33,0.8,1,0
Maryland,Baltimore,34,0.75,1,0
Maryland,Baltimore,35,0.8,1,0
Maryland,Baltimore,36,0.7,1,0
Maryland,Baltimore,37,0.9,1,0
Maryland,Baltimore,38,0.8,0,0
Maryland,Baltimore,39,0.6,1,0
Maryland,Baltimore,40,0.8,1,0
Maryland,Baltimore,41,0.7,1,0
Maryland,Baltimore,42,0.9,1,0
Maryland,Baltimore,43,0.1,1,0
Maryland,Baltimore,44,0.6,1,0
Maryland,Baltimore,45,0.3,0,0
Maryland,Baltimore,46,0.6,1,0
Maryland,Baltimore,47,0.9,1,0
Maryland,Baltimore,48,0.2,0,0
Maryland,Baltimore,49,0.6,1,0
Maryland,Baltimore,50,0.75,1,0
Maryland,Baltimore,51,0.9,1,0
Massachusetts,Boston,1,0.6,0,1
Massachusetts,Boston,3,1,1,1
Massachusetts,Boston,4,0.9,1,1
Massachusetts,Boston,5,0.7,0,1
Massachusetts,Boston,7,1,1,1
Massachusetts,Boston,8,1,1,1
Massachusetts,Boston,9,1,1,1
Massachusetts,Boston,10,0.6,1,1
Massachusetts,Boston,11,0.95,1,1
Massachusetts,Boston,12,1,1,1
Massachusetts,Boston,13,1,1,1
Massachusetts,Boston,14,1,1,1
Massachusetts,Boston,15,0.8,1,1
Massachusetts,Boston,16,1,1,1
Massachusetts,Boston,17,0.65,1,1
Massachusetts,Boston,18,0.95,1,1
Massachusetts,Boston,19,0.9,1,1
Massachusetts,Boston,20,0.9,1,1
Massachusetts,Boston,21,0.7,0,1
Massachusetts,Boston,22,0.8,0,1
Massachusetts,Boston,24,0.7,0,1
Massachusetts,Boston,25,0.95,1,1
Massachusetts,Boston,26,0.5,0,1
Massachusetts,Boston,27,0.7,1,1
Massachusetts,Boston,28,0.9,1,1
Massachusetts,Boston,29,0.5,1,1
Massachusetts,Boston,30,1,1,1
Massachusetts,Boston,31,0.95,1,1
Massachusetts,Boston,32,0.8,1,1
Massachusetts,Boston,33,0.9,1,1
Massachusetts,Boston,34,0.25,0,1
Massachusetts,Boston,35,0.9,1,1
Massachusetts,Boston,36,1,1,1
Massachusetts,Boston,37,1,1,1
Massachusetts,Boston,38,1,1,1
Massachusetts,Boston,39,1,1,1
Massachusetts,Boston,40,0.95,1,1
Massachusetts,Boston,41,0.75,1,1
Massachusetts,Boston,42,1,1,1
Massachusetts,Boston,43,0.75,0,1
Massachusetts,Boston,44,0.9,1,1
Massachusetts,Boston,45,0.9,1,1
Massachusetts,Boston,46,0.6,1,1
Massachusetts,Boston,47,1,1,1
Massachusetts,Boston,48,0.9,1,1
Massachusetts,Boston,49,0.95,1,1
Massachusetts,Boston,50,0.5,1,1
Massachusetts,Boston,51,1,1,1
Michigan,Detroit,1,0.5,0,0
Michigan,Detroit,2,0.98,1,0
Michigan,Detroit,3,0.5,1,0
Michigan,Detroit,4,0.7,0,0
Michigan,Detroit,5,0.8,0,0
Michigan,Detroit,6,0.5,1,0
Michigan,Detroit,7,0.9,1,0
Michigan,Detroit,8,0.8,1,0
Michigan,Detroit,9,0.8,1,0
Michigan,Detroit,10,0.4,0,0
Michigan,Detroit,11,0.7,0,0
Michigan,Detroit,12,0.9,1,0
Michigan,Detroit,13,0.7,0,0
Michigan,Detroit,14,0.8,1,0
Michigan,Detroit,15,0.6,0,0
Michigan,Detroit,16,0.9,1,0
Michigan,Detroit,17,0.3,0,0
Michigan,Detroit,18,0.8,1,0
Michigan,Detroit,19,0.8,1,0
Michigan,Detroit,20,0.8,1,0
Michigan,Detroit,21,0.6,0,0
Michigan,Detroit,22,0.65,1,0
Michigan,Detroit,23,0.7,0,0
Michigan,Detroit,24,0.8,1,0
Michigan,Detroit,25,0.85,1,0
Michigan,Detroit,26,0.38,1,0
Michigan,Detroit,27,0.5,0,0
Michigan,Detroit,28,0.8,0,0
Michigan,Detroit,29,0.5,1,0
Michigan,Detroit,30,0.9,1,0
Michigan,Detroit,31,0.85,1,0
Michigan,Detroit,32,0.6,0,0
Michigan,Detroit,33,0.9,1,0
Michigan,Detroit,34,0.75,0,0
Michigan,Detroit,35,0.9,1,0
Michigan,Detroit,36,0.3,0,0
Michigan,Detroit,37,0.9,1,0
Michigan,Detroit,38,0.6,1,0
Michigan,Detroit,39,0.7,1,0
Michigan,Detroit,40,0.9,1,0
Michigan,Detroit,41,0.5,0,0
Michigan,Detroit,42,0.7,1,0
Michigan,Detroit,43,0.1,1,0
Michigan,Detroit,44,0.8,1,0
Michigan,Detroit,45,0.75,1,0
Michigan,Detroit,46,0.5,0,0
Michigan,Detroit,47,0.9,1,0
Michigan,Detroit,49,0.4,0,0
Michigan,Detroit,50,0.88,1,0
Michigan,Detroit,51,0.9,1,0
Minnesota,Minneapolis,1,0.7,1,0
Minnesota,Minneapolis,2,0.5,0,0
Minnesota,Minneapolis,3,0.75,1,0
Minnesota,Minneapolis,4,0.8,1,0
Minnesota,Minneapolis,5,0.8,0,0
Minnesota,Minneapolis,6,0.5,1,0
Minnesota,Minneapolis,7,0.9,1,0
Minnesota,Minneapolis,8,0.8,1,0
Minnesota,Minneapolis,9,0.7,1,0
Minnesota,Minneapolis,10,0.4,0,0
Minnesota,Minneapolis,11,0.9,1,0
Minnesota,Minneapolis,12,0.9,1,0
Minnesota,Minneapolis,13,0.8,1,0
Minnesota,Minneapolis,14,0.2,0,0
Minnesota,Minneapolis,15,0.5,1,0
Minnesota,Minneapolis,16,0.6,0,0
Minnesota,Minneapolis,17,0.3,0,0
Minnesota,Minneapolis,18,0.5,0,0
Minnesota,Minneapolis,19,0.8,1,0
Minnesota,Minneapolis,20,0.7,1,0
Minnesota,Minneapolis,21,0.7,0,0
Minnesota,Minneapolis,22,0.75,1,0
Minnesota,Minneapolis,23,0.6,0,0
Minnesota,Minneapolis,24,0.9,1,0
Minnesota,Minneapolis,25,0.8,1,0
Minnesota,Minneapolis,26,0.5,0,0
Minnesota,Minneapolis,27,0.5,1,0
Minnesota,Minneapolis,28,0.7,1,0
Minnesota,Minneapolis,29,0.5,0,0
Minnesota,Minneapolis,30,0.7,1,0
Minnesota,Minneapolis,31,0.8,1,0
Minnesota,Minneapolis,32,0.6,1,0
Minnesota,Minneapolis,33,1,1,0
Minnesota,Minneapolis,34,0.75,1,0
Minnesota,Minneapolis,35,0.8,1,0
Minnesota,Minneapolis,36,0.8,1,0
Minnesota,Minneapolis,37,0.9,1,0
Minnesota,Minneapolis,38,0.7,1,0
Minnesota,Minneapolis,39,0.4,1,0
Minnesota,Minneapolis,40,0.7,1,0
Minnesota,Minneapolis,41,0.2,0,0
Minnesota,Minneapolis,42,0.8,0,0
Minnesota,Minneapolis,43,0.1,1,0
Minnesota,Minneapolis,44,0.75,1,0
Minnesota,Minneapolis,45,0.9,1,0
Minnesota,Minneapolis,46,0.6,1,0
Minnesota,Minneapolis,47,0.8,1,0
Minnesota,Minneapolis,48,0.6,1,0
Minnesota,Minneapolis,49,0.4,0,0
Minnesota,Minneapolis,50,1,1,0
Minnesota,Minneapolis,51,1,1,0
Mississippi,Jackson,1,0.5,0,1
Mississippi,Jackson,2,0.5,0,1
Mississippi,Jackson,3,0.75,1,1
Mississippi,Jackson,4,0.8,1,1
Mississippi,Jackson,5,0.7,0,1
Mississippi,Jackson,6,0.5,0,1
Mississippi,Jackson,7,0.8,1,1
Mississippi,Jackson,8,0.3,0,1
Mississippi,Jackson,9,0.8,1,1
Mississippi,Jackson,10,0.4,0,1
Mississippi,Jackson,11,0.1,0,1
Mississippi,Jackson,12,0.9,1,1
Mississippi,Jackson,13,0.5,0,1
Mississippi,Jackson,14,0.6,1,1
Mississippi,Jackson,15,0.5,1,1
Mississippi,Jackson,16,0.3,0,1
Mississippi,Jackson,17,0.3,1,1
Mississippi,Jackson,18,0.5,0,1
Mississippi,Jackson,19,0.8,1,1
Mississippi,Jackson,20,0.6,0,1
Mississippi,Jackson,21,0.8,1,1
Mississippi,Jackson,22,0.6,1,1
Mississippi,Jackson,23,0.6,1,1
Mississippi,Jackson,24,0.85,1,1
Mississippi,Jackson,25,0.75,1,1
Mississippi,Jackson,26,0.55,1,1
Mississippi,Jackson,27,0.5,0,1
Mississippi,Jackson,28,0.7,1,1
Mississippi,Jackson,29,0.5,0,1
Mississippi,Jackson,30,0.9,1,1
Mississippi,Jackson,31,0.9,1,1
Mississippi,Jackson,32,0.5,1,1
Mississippi,Jackson,33,0.8,1,1
Mississippi,Jackson,34,0.75,1,1
Mississippi,Jackson,35,0.8,1,1
Mississippi,Jackson,36,0.7,1,1
Mississippi,Jackson,37,0.7,0,1
Mississippi,Jackson,38,0.7,1,1
Mississippi,Jackson,39,0.5,1,1
Mississippi,Jackson,40,0.6,1,1
Mississippi,Jackson,41,0.5,1,1
Mississippi,Jackson,42,0.5,0,1
Mississippi,Jackson,43,0.1,1,1
Mississippi,Jackson,44,0.6,1,1
Mississippi,Jackson,45,0.9,0,1
Mississippi,Jackson,46,0.6,1,1
Mississippi,Jackson,47,0.9,1,1
Mississippi,Jackson,48,0.2,0,1
Mississippi,Jackson,49,0.5,0,1
Mississippi,Jackson,50,1,1,1
Mississippi,Jackson,51,0.9,1,1
Missouri,Kansas_City,1,0.4,0,0
Missouri,Kansas_City,2,0.5,0,0
Missouri,Kansas_City,3,0.75,1,0
Missouri,Kansas_City,4,0.6,1,0
Missouri,Kansas_City,5,0.5,0,0
Missouri,Kansas_City,6,0.5,1,0
Missouri,Kansas_City,7,0.8,1,0
Missouri,Kansas_City,8,0.75,1,0
Missouri,Kansas_City,9,0.8,1,0
Missouri,Kansas_City,10,0.6,1,0
Missouri,Kansas_City,11,0.1,0,0
Missouri,Kansas_City,12,0.9,1,0
Missouri,Kansas_City,13,0.4,1,0
Missouri,Kansas_City,14,0.5,1,0
Missouri,Kansas_City,15,0.5,0,0
Missouri,Kansas_City,16,0.6,1,0
Missouri,Kansas_City,17,0.3,0,0
Missouri,Kansas_City,18,0.05,0,0
Missouri,Kansas_City,19,0.8,0,0
Missouri,Kansas_City,20,0.6,1,0
Missouri,Kansas_City,21,0.9,0,0
Missouri,Kansas_City,22,0.45,1,0
Missouri,Kansas_City,23,0.8,0,0
Missouri,Kansas_City,24,0.85,1,0
Missouri,Kansas_City,25,0.5,0,0
Missouri,Kansas_City,26,0.5,0,0
Missouri,Kansas_City,27,0.8,0,0
Missouri,Kansas_City,28,0.8,0,0
Missouri,Kansas_City,29,0.5,0,0
Missouri,Kansas_City,30,0.2,1,0
Missouri,Kansas_City,31,0.75,1,0
Missouri,Kansas_City,32,0.5,0,0
Missouri,Kansas_City,33,1,1,0
Missouri,Kansas_City,34,0.75,0,0
Missouri,Kansas_City,35,0.7,1,0
Missouri,Kansas_City,36,0.3,0,0
Missouri,Kansas_City,37,0.9,1,0
Missouri,Kansas_City,38,0.8,0,0
Missouri,Kansas_City,39,0.7,1,0
Missouri,Kansas_City,40,0.65,0,0
Missouri,Kansas_City,41,0.1,0,0
Missouri,Kansas_City,42,0.5,1,0
Missouri,Kansas_City,43,0.1,1,0
Missouri,Kansas_City,44,0.6,1,0
Missouri,Kansas_City,45,0.75,0,0
Missouri,Kansas_City,46,0.6,1,0
Missouri,Kansas_City,47,0.95,1,0
Missouri,Kansas_City,48,0.2,0,0
Missouri,Kansas_City,49,0.4,0,0
Missouri,Kansas_City,50,0,0,0
Missouri,Kansas_City,51,0.15,1,0
Montana,Billings,1,0.55,1,0
Montana,Billings,2,0.5,0,0
Montana,Billings,3,0.75,1,0
Montana,Billings,4,0.8,1,0
Montana,Billings,5,0.8,0,0
Montana,Billings,6,0.5,0,0
Montana,Billings,7,0.4,1,0
Montana,Billings,8,0.4,1,0
Montana,Billings,9,0.9,1,0
Montana,Billings,10,0.6,1,0
Montana,Billings,11,0.3,0,0
Montana,Billings,12,0.9,1,0
Montana,Billings,13,0.6,1,0
Montana,Billings,14,0.7,1,0
Montana,Billings,15,0.5,0,0
Montana,Billings,16,0.1,0,0
Montana,Billings,17,0.3,1,0
Montana,Billings,18,0.1,0,0
Montana,Billings,19,0.8,1,0
Montana,Billings,20,0.4,0,0
Montana,Billings,21,0.6,1,0
Montana,Billings,22,0.25,0,0
Montana,Billings,23,0.6,0,0
Montana,Billings,24,0.7,0,0
Montana,Billings,25,0.5,0,0
Montana,Billings,26,0.3,1,0
Montana,Billings,27,0.8,0,0
Montana,Billings,28,0.7,0,0
Montana,Billings,29,0.5,0,0
Montana,Billings,30,0.2,0,0
Montana,Billings,31,0.5,0,0
Montana,Billings,32,0.5,0,0
Montana,Billings,33,0.8,1,0
Montana,Billings,34,0.5,0,0
Montana,Billings,35,0.2,0,0
Montana,Billings,36,0.3,0,0
Montana,Billings,37,0.6,0,0
Montana,Billings,38,0.2,0,0
Montana,Billings,39,0.7,0,0
Montana,Billings,40,0.4,0,0
Montana,Billings,41,0.5,0,0
Montana,Billings,42,0.6,1,0
Montana,Billings,43,0.1,1,0
Montana,Billings,44,0.4,0,0
Montana,Billings,45,0.4,0,0
Montana,Billings,46,0.5,1,0
Montana,Billings,47,0.95,1,0
Montana,Billings,48,0.7,1,0
Montana,Billings,49,0.4,0,0
Montana,Billings,50,0.4,0,0
Montana,Billings,51,0.05,0,0
Nebraska,Omaha,1,0.7,1,0
Nebraska,Omaha,2,0.5,0,0
Nebraska,Omaha,3,0.75,1,0
Nebraska,Omaha,4,0.8,1,0
Nebraska,Omaha,5,0.85,0,0
Nebraska,Omaha,6,0.5,1,0
Nebraska,Omaha,7,0.6,1,0
Nebraska,Omaha,8,0.35,0,0
Nebraska,Omaha,9,0.8,1,0
Nebraska,Omaha,10,0.6,1,0
Nebraska,Omaha,11,0.8,1,0
Nebraska,Omaha,12,0.8,1,0
Nebraska,Omaha,13,0.55,1,0
Nebraska,Omaha,14,0.7,1,0
Nebraska,Omaha,15,0.6,1,0
Nebraska,Omaha,16,0.3,0,0
Nebraska,Omaha,17,0.3,0,0
Nebraska,Omaha,18,0.6,1,0
Nebraska,Omaha,19,0.75,0,0
Nebraska,Omaha,20,0.4,0,0
Nebraska,Omaha,21,0.6,1,0
Nebraska,Omaha,22,0.7,1,0
Nebraska,Omaha,23,0.5,0,0
Nebraska,Omaha,24,0.9,1,0
Nebraska,Omaha,25,0.4,1,0
Nebraska,Omaha,26,0.4,1,0
Nebraska,Omaha,27,0.8,1,0
Nebraska,Omaha,28,0.8,1,0
Nebraska,Omaha,29,0.5,1,0
Nebraska,Omaha,30,0.75,1,0
Nebraska,Omaha,31,0.7,1,0
Nebraska,Omaha,32,0.5,0,0
Nebraska,Omaha,33,0.8,1,0
Nebraska,Omaha,34,0.75,1,0
Nebraska,Omaha,35,0.5,1,0
Nebraska,Omaha,36,0.6,1,0
Nebraska,Omaha,37,0.9,1,0
Nebraska,Omaha,38,0.7,1,0
Nebraska,Omaha,39,0.6,1,0
Nebraska,Omaha,40,0.5,1,0
Nebraska,Omaha,41,0.7,1,0
Nebraska,Omaha,42,0.8,1,0
Nebraska,Omaha,43,0.1,0,0
Nebraska,Omaha,44,0.4,0,0
Nebraska,Omaha,45,0.8,1,0
Nebraska,Omaha,46,0.6,1,0
Nebraska,Omaha,47,0.98,1,0
Nebraska,Omaha,48,0.5,1,0
Nebraska,Omaha,49,0.5,1,0
Nebraska,Omaha,50,0.2,0,0
Nebraska,Omaha,51,0.9,1,0
Nevada,Las_Vegas,1,0.5,0,0
Nevada,Las_Vegas,2,0.7,1,0
Nevada,Las_Vegas,3,0.6,1,0
Nevada,Las_Vegas,4,0.7,0,0
Nevada,Las_Vegas,5,0.9,0,0
Nevada,Las_Vegas,6,0.5,1,0
Nevada,Las_Vegas,7,0.5,1,0
Nevada,Las_Vegas,8,0.9,1,0
Nevada,Las_Vegas,9,0.5,0,0
Nevada,Las_Vegas,10,0.4,0,0
Nevada,Las_Vegas,11,0.85,1,0
Nevada,Las_Vegas,12,0.95,0,0
Nevada,Las_Vegas,13,0.8,1,0
Nevada,Las_Vegas,14,0.6,0,0
Nevada,Las_Vegas,15,0.4,0,0
Nevada,Las_Vegas,16,0.9,1,0
Nevada,Las_Vegas,17,0.4,0,0
Nevada,Las_Vegas,18,0.9,1,0
Nevada,Las_Vegas,19,0.8,1,0
Nevada,Las_Vegas,20,0.2,0,0
Nevada,Las_Vegas,21,0.9,0,0
Nevada,Las_Vegas,22,0.8,0,0
Nevada,Las_Vegas,23,0.8,0,0
Nevada,Las_Vegas,24,0.85,1,0
Nevada,Las_Vegas,25,0.6,0,0
Nevada,Las_Vegas,26,0.4,0,0
Nevada,Las_Vegas,27,0.6,1,0
Nevada,Las_Vegas,28,0.6,0,0
Nevada,Las_Vegas,29,0.5,0,0
Nevada,Las_Vegas,30,0.4,0,0
Nevada,Las_Vegas,31,0.9,0,0
Nevada,Las_Vegas,32,0.5,0,0
Nevada,Las_Vegas,33,0.5,0,0
Nevada,Las_Vegas,34,0.75,0,0
Nevada,Las_Vegas,35,0.7,1,0
Nevada,Las_Vegas,36,0.3,0,0
Nevada,Las_Vegas,37,0.7,0,0
Nevada,Las_Vegas,38,0.6,0,0
Nevada,Las_Vegas,39,0.5,1,0
Nevada,Las_Vegas,40,0.8,1,0
Nevada,Las_Vegas,41,0.2,0,0
Nevada,Las_Vegas,42,0.4,0,0
Nevada,Las_Vegas,43,0.1,0,0
Nevada,Las_Vegas,44,0.8,1,0
Nevada,Las_Vegas,45,0.9,1,0
Nevada,Las_Vegas,46,0.25,0,0
Nevada,Las_Vegas,47,0.8,0,0
Nevada,Las_Vegas,48,0.6,0,0
Nevada,Las_Vegas,49,0.4,0,0
Nevada,Las_Vegas,50,0.6,1,0
Nevada,Las_Vegas,51,0.6,0,0
New_Hampshire,Manchester,1,0.6,0,0
New_Hampshire,Manchester,2,0.65,1,0
New_Hampshire,Manchester,3,0.6,1,0
New_Hampshire,Manchester,4,0.6,1,0
New_Hampshire,Manchester,5,0.6,0,0
New_Hampshire,Manchester,6,0.5,1,0
New_Hampshire,Manchester,7,0.8,1,0
New_Hampshire,Manchester,8,0.4,0,0
New_Hampshire,Manchester,9,0.8,1,0
New_Hampshire,Manchester,10,0.6,1,0
New_Hampshire,Manchester,11,0.8,1,0
New_Hampshire,Manchester,12,0.8,0,0
New_Hampshire,Manchester,13,0.65,0,0
New_Hampshire,Manchester,14,0.7,1,0
New_Hampshire,Manchester,15,0.3,0,0
New_Hampshire,Manchester,16,0.8,1,0
New_Hampshire,Manchester,17,0.2,0,0
New_Hampshire,Manchester,18,0.6,0,0
New_Hampshire,Manchester,19,0.8,1,0
New_Hampshire,Manchester,20,0.2,0,0
New_Hampshire,Manchester,21,0.6,0,0
New_Hampshire,Manchester,22,0.3,0,0
New_Hampshire,Manchester,23,0.35,0,0
New_Hampshire,Manchester,24,0.9,1,0
New_Hampshire,Manchester,25,0.8,1,0
New_Hampshire,Manchester,26,0.45,0,0
New_Hampshire,Manchester,27,0.5,0,0
New_Hampshire,Manchester,28,0.4,0,0
New_Hampshire,Manchester,29,0.5,1,0
New_Hampshire,Manchester,30,0.2,0,0
New_Hampshire,Manchester,31,0.6,0,0
New_Hampshire,Manchester,32,0.5,0,0
New_Hampshire,Manchester,33,0.5,0,0
New_Hampshire,Manchester,34,0.75,1,0
New_Hampshire,Manchester,35,0.7,1,0
New_Hampshire,Manchester,36,0.8,1,0
New_Hampshire,Manchester,37,0.4,0,0
New_Hampshire,Manchester,38,0.5,0,0
New_Hampshire,Manchester,39,0.5,0,0
New_Hampshire,Manchester,40,0.7,0,0
New_Hampshire,Manchester,41,0.5,0,0
New_Hampshire,Manchester,42,0.5,1,0
New_Hampshire,Manchester,43,0.1,0,0
New_Hampshire,Manchester,44,0.6,1,0
New_Hampshire,Manchester,45,0.9,1,0
New_Hampshire,Manchester,46,0.5,0,0
New_Hampshire,Manchester,47,0.9,1,0
New_Hampshire,Manchester,48,0.2,0,0
New_Hampshire,Manchester,49,0.65,0,0
New_Hampshire,Manchester,50,0.15,0,0
New_Hampshire,Manchester,51,0.05,0,0
New_Jersey,Newark,1,0.5,0,0
New_Jersey,Newark,2,0.85,1,0
New_Jersey,Newark,3,0.6,1,0
New_Jersey,Newark,4,0.4,0,0
New_Jersey,Newark,5,0.8,0,0
New_Jersey,Newark,6,0.5,0,0
New_Jersey,Newark,7,0.8,1,0
New_Jersey,Newark,8,0.7,1,0
New_Jersey,Newark,9,0.7,0,0
New_Jersey,Newark,10,0.4,0,0
New_Jersey,Newark,11,0.75,1,0
New_Jersey,Newark,12,0.9,1,0
New_Jersey,Newark,13,0.8,1,0
New_Jersey,Newark,14,0.5,0,0
New_Jersey,Newark,15,0.6,1,0
New_Jersey,Newark,16,0.8,1,0
New_Jersey,Newark,17,0.6,1,0
New_Jersey,Newark,18,0.8,1,0
New_Jersey,Newark,19,0.8,1,0
New_Jersey,Newark,20,0.1,0,0
New_Jersey,Newark,21,0.9,0,0
New_Jersey,Newark,22,0.65,0,0
New_Jersey,Newark,23,0.5,0,0
New_Jersey,Newark,24,0.85,1,0
New_Jersey,Newark,25,0.5,0,0
New_Jersey,Newark,26,0.3,0,0
New_Jersey,Newark,27,0.6,1,0
New_Jersey,Newark,28,0.5,0,0
New_Jersey,Newark,29,0.5,0,0
New_Jersey,Newark,30,0.2,0,0
New_Jersey,Newark,31,0.8,0,0
New_Jersey,Newark,32,0.5,0,0
New_Jersey,Newark,33,0.3,0,0
New_Jersey,Newark,34,0.75,0,0
New_Jersey,Newark,35,0.7,0,0
New_Jersey,Newark,36,0.3,0,0
New_Jersey,Newark,37,0.75,0,0
New_Jersey,Newark,38,0.7,1,0
New_Jersey,Newark,39,0.4,0,0
New_Jersey,Newark,40,0.5,0,0
New_Jersey,Newark,41,0.6,1,0
New_Jersey,Newark,42,0.5,0,0
New_Jersey,Newark,43,0.1,1,0
New_Jersey,Newark,44,0.6,1,0
New_Jersey,Newark,45,0.9,1,0
New_Jersey,Newark,46,0.6,1,0
New_Jersey,Newark,47,0.85,1,0
New_Jersey,Newark,48,0.8,1,0
New_Jersey,Newark,49,0.5,0,0
New_Jersey,Newark,50,0,0,0
New_Jersey,Newark,51,0.8,1,0
New_Mexico,Albuquerque,1,0.7,1,0
New_Mexico,Albuquerque,2,0.2,0,0
New_Mexico,Albuquerque,3,0.6,1,0
New_Mexico,Albuquerque,4,0.8,1,0
New_Mexico,Albuquerque,5,0.7,0,0
New_Mexico,Albuquerque,6,0.5,1,0
New_Mexico,Albuquerque,7,0.8,1,0
New_Mexico,Albuquerque,8,0.3,0,0
New_Mexico,Albuquerque,9,0.9,1,0
New_Mexico,Albuquerque,10,0.4,0,0
New_Mexico,Albuquerque,11,0.85,1,0
New_Mexico,Albuquerque,12,0.85,1,0
New_Mexico,Albuquerque,13,0.7,1,0
New_Mexico,Albuquerque,14,0.6,1,0
New_Mexico,Albuquerque,15,0.45,1,0
New_Mexico,Albuquerque,16,0.2,0,0
New_Mexico,Albuquerque,17,0.4,1,0
New_Mexico,Albuquerque,18,0.3,1,0
New_Mexico,Albuquerque,19,0.8,1,0
New_Mexico,Albuquerque,20,0.4,1,0
New_Mexico,Albuquerque,21,0.8,1,0
New_Mexico,Albuquerque,22,0.8,1,0
New_Mexico,Albuquerque,23,0.7,1,0
New_Mexico,Albuquerque,24,0.95,1,0
New_Mexico,Albuquerque,25,0.75,1,0
New_Mexico,Albuquerque,26,0.4,0,0
New_Mexico,Albuquerque,27,0.5,1,0
New_Mexico,Albuquerque,28,0.8,0,0
New_Mexico,Albuquerque,29,0.5,1,0
New_Mexico,Albuquerque,30,0.2,0,0
New_Mexico,Albuquerque,31,0.8,1,0
New_Mexico,Albuquerque,32,0.5,1,0
New_Mexico,Albuquerque,33,0.5,1,0
New_Mexico,Albuquerque,34,0.75,0,0
New_Mexico,Albuquerque,35,0.6,0,0
New_Mexico,Albuquerque,36,0.4,0,0
New_Mexico,Albuquerque,37,0.75,0,0
New_Mexico,Albuquerque,38,0.8,1,0
New_Mexico,Albuquerque,39,0.6,1,0
New_Mexico,Albuquerque,40,1,1,0
New_Mexico,Albuquerque,41,0.4,0,0
New_Mexico,Albuquerque,42,0.7,1,0
New_Mexico,Albuquerque,43,0.1,1,0
New_Mexico,Albuquerque,44,0.4,0,0
New_Mexico,Albuquerque,45,0.9,1,0
New_Mexico,Albuquerque,46,0.7,1,0
New_Mexico,Albuquerque,47,0.85,1,0
New_Mexico,Albuquerque,48,0.7,1,0
New_Mexico,Albuquerque,49,0.45,0,0
New_Mexico,Albuquerque,50,0.8,1,0
New_Mexico,Albuquerque,51,0.8,1,0
New_York,New_York,1,0.6,0,0
New_York,New_York,2,1,0,0
New_York,New_York,3,0.9,0,0
New_York,New_York,4,0.6,0,0
New_York,New_York,5,0.8,0,0
New_York,New_York,6,0.5,0,0
New_York,New_York,7,0.9,1,0
New_York,New_York,8,0,0,0
New_York,New_York,9,0.4,0,0
New_York,New_York,10,0.2,0,0
New_York,New_York,11,1,1,0
New_York,New_York,12,0.85,1,0
New_York,New_York,13,0.9,0,0
New_York,New_York,14,0.6,0,0
New_York,New_York,15,0.7,1,0
New_York,New_York,16,1,1,0
New_York,New_York,17,0.2,0,0
New_York,New_York,18,0.9,0,0
New_York,New_York,19,0.8,1,0
New_York,New_York,20,0.9,1,0
New_York,New_York,21,0.8,0,0
New_York,New_York,22,0.75,0,0
New_York,New_York,23,0.4,0,0
New_York,New_York,24,0.9,1,0
New_York,New_York,25,0.9,0,0
New_York,New_York,26,0.8,1,0
New_York,New_York,27,0.9,0,0
New_York,New_York,28,0.7,0,0
New_York,New_York,29,0.5,0,0
New_York,New_York,30,0.1,0,0
New_York,New_York,31,0.9,0,0
New_York,New_York,32,0.65,0,0
New_York,New_York,33,0.5,0,0
New_York,New_York,34,0.25,0,0
New_York,New_York,35,0.7,0,0
New_York,New_York,36,0.3,0,0
New_York,New_York,37,0.65,0,0
New_York,New_York,38,0.5,0,0
New_York,New_York,39,0.8,1,0
New_York,New_York,40,0.4,0,0
New_York,New_York,41,0.1,0,0
New_York,New_York,42,0.75,0,0
New_York,New_York,43,0.1,0,0
New_York,New_York,44,0.8,1,0
New_York,New_York,45,0.8,0,0
New_York,New_York,46,0.1,0,0
New_York,New_York,47,1,1,0
New_York,New_York,48,1,1,0
New_York,New_York,49,0.7,0,0
New_York,New_York,50,0,0,0
New_York,New_York,51,1,1,0
North_Carolina,Charlotte,1,0.7,1,0
North_Carolina,Charlotte,2,1,1,0
North_Carolina,Charlotte,3,0.6,1,0
North_Carolina,Charlotte,4,0.8,1,0
North_Carolina,Charlotte,5,0.8,0,0
North_Carolina,Charlotte,6,0.5,1,0
North_Carolina,Charlotte,7,0.8,1,0
North_Carolina,Charlotte,8,0.25,0,0
North_Carolina,Charlotte,9,0.6,0,0
North_Carolina,Charlotte,10,0.6,1,0
North_Carolina,Charlotte,11,0.3,0,0
North_Carolina,Charlotte,12,0.9,1,0
North_Carolina,Charlotte,13,0.5,1,0
North_Carolina,Charlotte,14,0.7,1,0
North_Carolina,Charlotte,15,0.6,0,0
North_Carolina,Charlotte,16,0.5,0,0
North_Carolina,Charlotte,17,0.35,0,0
North_Carolina,Charlotte,18,0.5,1,0
North_Carolina,Charlotte,19,0.8,1,0
North_Carolina,Charlotte,20,0.8,1,0
North_Carolina,Charlotte,21,0.7,0,0
North_Carolina,Charlotte,22,0.65,1,0
North_Carolina,Charlotte,23,0.6,0,0
North_Carolina,Charlotte,24,0.8,1,0
North_Carolina,Charlotte,25,0.7,1,0
North_Carolina,Charlotte,26,0.6,0,0
North_Carolina,Charlotte,27,0.7,1,0
North_Carolina,Charlotte,28,0.6,0,0
North_Carolina,Charlotte,29,0.5,1,0
North_Carolina,Charlotte,30,0.9,1,0
North_Carolina,Charlotte,31,0.9,1,0
North_Carolina,Charlotte,32,0.5,0,0
North_Carolina,Charlotte,33,0.8,0,0
North_Carolina,Charlotte,34,0.75,0,0
North_Carolina,Charlotte,35,0.7,0,0
North_Carolina,Charlotte,36,0.7,1,0
North_Carolina,Charlotte,37,0.9,1,0
North_Carolina,Charlotte,38,0.4,0,0
North_Carolina,Charlotte,39,0.7,1,0
North_Carolina,Charlotte,40,0.5,1,0
North_Carolina,Charlotte,41,0.6,1,0
North_Carolina,Charlotte,42,0.6,1,0
North_Carolina,Charlotte,43,0.1,1,0
North_Carolina,Charlotte,44,0.6,1,0
North_Carolina,Charlotte,45,0.9,1,0
North_Carolina,Charlotte,46,0.5,1,0
North_Carolina,Charlotte,47,0.9,1,0
North_Carolina,Charlotte,48,0.7,1,0
North_Carolina,Charlotte,49,0.5,0,0
North_Carolina,Charlotte,50,0.9,1,0
North_Carolina,Charlotte,51,0.9,1,0
North_Dakota,Fargo,1,0.5,0,0
North_Dakota,Fargo,2,0.5,0,0
North_Dakota,Fargo,3,0,1,0
North_Dakota,Fargo,4,0.8,1,0
North_Dakota,Fargo,5,0.7,0,0
North_Dakota,Fargo,6,0.5,1,0
North_Dakota,Fargo,7,0.7,1,0
North_Dakota,Fargo,8,0.4,1,0
North_Dakota,Fargo,9,0.8,1,0
North_Dakota,Fargo,10,0.6,1,0
North_Dakota,Fargo,11,0.7,1,0
North_Dakota,Fargo,12,0.9,1,0
North_Dakota,Fargo,13,0.7,1,0
North_Dakota,Fargo,14,0.7,0,0
North_Dakota,Fargo,15,0.5,1,0
North_Dakota,Fargo,16,0.2,0,0
North_Dakota,Fargo,17,0.6,1,0
North_Dakota,Fargo,18,0.6,1,0
North_Dakota,Fargo,19,0.8,1,0
North_Dakota,Fargo,20,0.8,1,0
North_Dakota,Fargo,21,0.7,1,0
North_Dakota,Fargo,22,0.75,0,0
North_Dakota,Fargo,23,0.6,0,0
North_Dakota,Fargo,24,0.95,1,0
North_Dakota,Fargo,25,0.6,1,0
North_Dakota,Fargo,26,0.35,0,0
North_Dakota,Fargo,27,0.5,0,0
North_Dakota,Fargo,28,0.55,0,0
North_Dakota,Fargo,29,0.5,1,0
North_Dakota,Fargo,30,0.2,0,0
North_Dakota,Fargo,31,0.5,0,0
North_Dakota,Fargo,32,0.5,0,0
North_Dakota,Fargo,33,0.9,1,0
North_Dakota,Fargo,34,0.75,1,0
North_Dakota,Fargo,35,0.7,0,0
North_Dakota,Fargo,36,0.6,0,0
North_Dakota,Fargo,37,0.9,1,0
North_Dakota,Fargo,38,0.4,0,0
North_Dakota,Fargo,39,0.5,0,0
North_Dakota,Fargo,40,0.5,0,0
North_Dakota,Fargo,41,0.5,0,0
North_Dakota,Fargo,42,0.4,0,0
North_Dakota,Fargo,43,0.1,0,0
North_Dakota,Fargo,44,0.4,0,0
North_Dakota,Fargo,45,0.5,0,0
North_Dakota,Fargo,46,0.5,0,0
North_Dakota,Fargo,47,0.9,1,0
North_Dakota,Fargo,48,0.7,1,0
North_Dakota,Fargo,49,0.35,0,0
North_Dakota,Fargo,50,0.05,0,0
North_Dakota,Fargo,51,0.05,0,0
Ohio,Columbus,1,0.6,1,1
Ohio,Columbus,2,0.5,0,1
Ohio,Columbus,3,0.6,1,1
Ohio,Columbus,4,0.8,1,1
Ohio,Columbus,5,0.8,1,1
Ohio,Columbus,6,0.5,1,1
Ohio,Columbus,7,0.8,1,1
Ohio,Columbus,8,0.35,0,1
Ohio,Columbus,9,0.8,1,1
Ohio,Columbus,10,0.6,1,1
Ohio,Columbus,11,0.7,1,1
Ohio,Columbus,12,0.9,1,1
Ohio,Columbus,13,0.7,0,1
Ohio,Columbus,14,0.6,0,1
Ohio,Columbus,15,0.6,1,1
Ohio,Columbus,16,0.5,0,1
Ohio,Columbus,17,0.6,1,1
Ohio,Columbus,18,0.3,1,1
Ohio,Columbus,19,0.8,0,1
Ohio,Columbus,20,0.2,0,1
Ohio,Columbus,21,0.7,0,1
Ohio,Columbus,22,0.8,1,1
Ohio,Columbus,23,0.6,1,1
Ohio,Columbus,24,0.8,0,1
Ohio,Columbus,25,0.6,0,1
Ohio,Columbus,26,0.4,1,1
Ohio,Columbus,27,0.8,1,1
Ohio,Columbus,28,0.7,1,1
Ohio,Columbus,29,0.5,0,1
Ohio,Columbus,30,0.9,1,1
Ohio,Columbus,31,0.7,0,1
Ohio,Columbus,32,0.55,1,1
Ohio,Columbus,33,0.9,1,1
Ohio,Columbus,34,0.75,1,1
Ohio,Columbus,35,0.8,1,1
Ohio,Columbus,36,0.3,0,1
Ohio,Columbus,37,0.9,1,1
Ohio,Columbus,38,0.7,1,1
Ohio,Columbus,39,0.6,1,1
Ohio,Columbus,40,0.4,1,1
Ohio,Columbus,41,0.7,1,1
Ohio,Columbus,42,0.7,1,1
Ohio,Columbus,43,0.1,1,1
Ohio,Columbus,44,0.6,1,1
Ohio,Columbus,45,0.5,1,1
Ohio,Columbus,46,0.5,1,1
Ohio,Columbus,47,0.9,1,1
Ohio,Columbus,48,0.7,1,1
Ohio,Columbus,49,0.4,1,1
Ohio,Columbus,50,0.65,0,1
Ohio,Columbus,51,0.9,1,1
Oklahoma,Oklahoma_City,1,0.8,1,1
Oklahoma,Oklahoma_City,2,0.9,1,1
Oklahoma,Oklahoma_City,3,0.6,1,1
Oklahoma,Oklahoma_City,4,0.8,1,1
Oklahoma,Oklahoma_City,5,0.6,0,1
Oklahoma,Oklahoma_City,6,0.5,1,1
Oklahoma,Oklahoma_City,7,0.8,1,1
Oklahoma,Oklahoma_City,8,0.65,1,1
Oklahoma,Oklahoma_City,9,0.9,1,1
Oklahoma,Oklahoma_City,10,0.6,1,1
Oklahoma,Oklahoma_City,11,0.8,1,1
Oklahoma,Oklahoma_City,12,0.9,1,1
Oklahoma,Oklahoma_City,13,0.85,1,1
Oklahoma,Oklahoma_City,14,1,1,1
Oklahoma,Oklahoma_City,15,0.7,1,1
Oklahoma,Oklahoma_City,16,0.8,1,1
Oklahoma,Oklahoma_City,17,0.6,1,1
Oklahoma,Oklahoma_City,18,0.75,1,1
Oklahoma,Oklahoma_City,19,0.8,1,1
Oklahoma,Oklahoma_City,20,0.9,1,1
Oklahoma,Oklahoma_City,21,0.7,0,1
Oklahoma,Oklahoma_City,22,0.75,1,1
Oklahoma,Oklahoma_City,23,0.7,0,1
Oklahoma,Oklahoma_City,24,0.9,1,1
Oklahoma,Oklahoma_City,25,0.8,1,1
Oklahoma,Oklahoma_City,26,0.25,0,1
Oklahoma,Oklahoma_City,27,0.8,1,1
Oklahoma,Oklahoma_City,28,0.25,1,1
Oklahoma,Oklahoma_City,29,0.5,1,1
Oklahoma,Oklahoma_City,30,0.95,1,1
Oklahoma,Oklahoma_City,31,0.8,0,1
Oklahoma,Oklahoma_City,32,0.5,1,1
Oklahoma,Oklahoma_City,33,0.9,1,1
Oklahoma,Oklahoma_City,34,0.75,1,1
Oklahoma,Oklahoma_City,35,0.7,0,1
Oklahoma,Oklahoma_City,36,0.7,1,1
Oklahoma,Oklahoma_City,37,0.95,1,1
Oklahoma,Oklahoma_City,38,0.7,1,1
Oklahoma,Oklahoma_City,39,0.5,0,1
Oklahoma,Oklahoma_City,40,0.7,1,1
Oklahoma,Oklahoma_City,41,0.6,1,1
Oklahoma,Oklahoma_City,42,0.75,1,1
Oklahoma,Oklahoma_City,43,0.1,1,1
Oklahoma,Oklahoma_City,44,0.75,1,1
Oklahoma,Oklahoma_City,45,0.7,1,1
Oklahoma,Oklahoma_City,46,0.5,1,1
Oklahoma,Oklahoma_City,47,0.95,1,1
Oklahoma,Oklahoma_City,48,0.8,1,1
Oklahoma,Oklahoma_City,49,0.5,1,1
Oklahoma,Oklahoma_City,50,0.89,1,1
Oklahoma,Oklahoma_City,51,1,1,1
Oregon,Portland,1,0.7,1,0
Oregon,Portland,2,0.5,0,0
Oregon,Portland,3,0.6,1,0
Oregon,Portland,4,0.8,1,0
Oregon,Portland,5,0.75,0,0
Oregon,Portland,6,0.5,1,0
Oregon,Portland,7,0.7,1,0
Oregon,Portland,8,0.65,1,0
Oregon,Portland,9,0.7,0,0
Oregon,Portland,10,0.4,0,0
Oregon,Portland,11,0.9,1,0
Oregon,Portland,12,0.9,1,0
Oregon,Portland,13,0.75,1,0
Oregon,Portland,14,0.7,1,0
Oregon,Portland,15,0.65,1,0
Oregon,Portland,16,0.9,1,0
Oregon,Portland,17,0.3,0,0
Oregon,Portland,18,0.8,1,0
Oregon,Portland,19,0.8,1,0
Oregon,Portland,20,0.8,1,0
Oregon,Portland,21,0.6,0,0
Oregon,Portland,22,0.4,1,0
Oregon,Portland,23,0.6,0,0
Oregon,Portland,24,0.95,1,0
Oregon,Portland,25,0.8,1,0
Oregon,Portland,26,0.35,1,0
Oregon,Portland,27,0.6,1,0
Oregon,Portland,28,0.6,0,0
Oregon,Portland,29,0.5,1,0
Oregon,Portland,30,0.75,1,0
Oregon,Portland,31,0.9,1,0
Oregon,Portland,32,0.5,0,0
Oregon,Portland,33,0.9,1,0
Oregon,Portland,34,0.75,1,0
Oregon,Portland,35,0.6,1,0
Oregon,Portland,36,0.4,0,0
Oregon,Portland,37,0.75,0,0
Oregon,Portland,38,0.8,1,0
Oregon,Portland,39,0.7,1,0
Oregon,Portland,40,0.8,1,0
Oregon,Portland,41,0.7,1,0
Oregon,Portland,42,0.9,1,0
Oregon,Portland,43,0.1,0,0
Oregon,Portland,44,0.7,1,0
Oregon,Portland,45,0.85,1,0
Oregon,Portland,46,0.6,0,0
Oregon,Portland,47,0.8,1,0
Oregon,Portland,48,0.7,1,0
Oregon,Portland,49,0.6,1,0
Oregon,Portland,50,0.95,1,0
Oregon,Portland,51,0.2,0,0
Pennsylvania,Philadelphia,1,0.75,1,0
Pennsylvania,Philadelphia,3,0.6,1,0
Pennsylvania,Philadelphia,4,0.9,1,0
Pennsylvania,Philadelphia,5,0.8,1,0
Pennsylvania,Philadelphia,6,0.5,1,0
Pennsylvania,Philadelphia,7,0.8,1,0
Pennsylvania,Philadelphia,8,0.85,1,0
Pennsylvania,Philadelphia,9,0.7,0,0
Pennsylvania,Philadelphia,10,0.8,0,0
Pennsylvania,Philadelphia,11,0.35,1,0
Pennsylvania,Philadelphia,12,0.9,1,0
Pennsylvania,Philadelphia,13,0.9,1,0
Pennsylvania,Philadelphia,14,0.7,1,0
Pennsylvania,Philadelphia,15,0.7,1,0
Pennsylvania,Philadelphia,16,0.95,1,0
Pennsylvania,Philadelphia,17,0.3,0,0
Pennsylvania,Philadelphia,18,0.95,1,0
Pennsylvania,Philadelphia,19,0.75,1,0
Pennsylvania,Philadelphia,20,0.7,1,0
Pennsylvania,Philadelphia,21,0.8,0,0
Pennsylvania,Philadelphia,22,0.85,1,0
Pennsylvania,Philadelphia,23,0.75,0,0
Pennsylvania,Philadelphia,24,0.9,1,0
Pennsylvania,Philadelphia,25,0.7,0,0
Pennsylvania,Philadelphia,26,0.45,1,0
Pennsylvania,Philadelphia,27,0.5,1,0
Pennsylvania,Philadelphia,28,0.5,0,0
Pennsylvania,Philadelphia,29,0.5,1,0
Pennsylvania,Philadelphia,30,0.9,1,0
Pennsylvania,Philadelphia,31,0.95,1,0
Pennsylvania,Philadelphia,32,0.6,1,0
Pennsylvania,Philadelphia,33,0.9,1,0
Pennsylvania,Philadelphia,34,0.75,1,0
Pennsylvania,Philadelphia,35,0.9,0,0
Pennsylvania,Philadelphia,36,0.8,1,0
Pennsylvania,Philadelphia,37,0.99,1,0
Pennsylvania,Philadelphia,38,0.6,0,0
Pennsylvania,Philadelphia,39,0.8,1,0
Pennsylvania,Philadelphia,40,0.9,1,0
Pennsylvania,Philadelphia,41,0.8,1,0
Pennsylvania,Philadelphia,42,0.7,1,0
Pennsylvania,Philadelphia,43,0.2,1,0
Pennsylvania,Philadelphia,44,0.75,1,0
Pennsylvania,Philadelphia,45,0.9,1,0
Pennsylvania,Philadelphia,46,0.7,1,0
Pennsylvania,Philadelphia,47,0.9,1,0
Pennsylvania,Philadelphia,48,0.9,1,0
Pennsylvania,Philadelphia,49,0.6,0,0
Pennsylvania,Philadelphia,50,0.25,0,0
Pennsylvania,Philadelphia,51,0.3,0,0
Rhode_Island,Providence,1,0.7,1,1
Rhode_Island,Providence,3,0.6,1,1
Rhode_Island,Providence,4,0.9,1,1
Rhode_Island,Providence,5,0.5,1,1
Rhode_Island,Providence,6,0.5,1,1
Rhode_Island,Providence,7,0.9,1,1
Rhode_Island,Providence,8,0.35,0,1
Rhode_Island,Providence,9,0.9,1,1
Rhode_Island,Providence,10,0.6,1,1
Rhode_Island,Providence,11,0.85,1,1
Rhode_Island,Providence,12,0.9,1,1
Rhode_Island,Providence,13,0.9,1,1
Rhode_Island,Providence,14,1,1,1
Rhode_Island,Providence,15,0.45,1,1
Rhode_Island,Providence,16,0.95,1,1
Rhode_Island,Providence,17,0.7,1,1
Rhode_Island,Providence,18,0.8,1,1
Rhode_Island,Providence,19,0.75,1,1
Rhode_Island,Providence,20,0.4,1,1
Rhode_Island,Providence,21,0.6,0,1
Rhode_Island,Providence,22,0.95,1,1
Rhode_Island,Providence,23,0.9,1,1
Rhode_Island,Providence,24,0.95,1,1
Rhode_Island,Providence,25,0.5,1,1
Rhode_Island,Providence,26,0.55,1,1
Rhode_Island,Providence,27,0.7,1,1
Rhode_Island,Providence,28,0.6,1,1
Rhode_Island,Providence,29,0.5,1,1
Rhode_Island,Providence,30,0.95,1,1
Rhode_Island,Providence,31,0.95,1,1
Rhode_Island,Providence,32,0.65,1,1
Rhode_Island,Providence,33,1,1,1
Rhode_Island,Providence,34,0.75,1,1
Rhode_Island,Providence,35,0.9,1,1
Rhode_Island,Providence,36,0.8,1,1
Rhode_Island,Providence,37,0.95,1,1
Rhode_Island,Providence,38,0.8,1,1
Rhode_Island,Providence,39,0.8,1,1
Rhode_Island,Providence,40,0.7,1,1
Rhode_Island,Providence,41,0.6,1,1
Rhode_Island,Providence,42,0.7,1,1
Rhode_Island,Providence,43,0.4,1,1
Rhode_Island,Providence,44,0.7,1,1
Rhode_Island,Providence,45,0.9,1,1
Rhode_Island,Providence,46,0.5,1,1
Rhode_Island,Providence,47,0.95,1,1
Rhode_Island,Providence,48,0.7,1,1
Rhode_Island,Providence,49,0.7,1,1
Rhode_Island,Providence,50,1,1,1
Rhode_Island,Providence,51,1,1,1
South_Carolina,Columbia,1,0.5,1,1
South_Carolina,Columbia,2,0.5,0,1
South_Carolina,Columbia,3,0.6,1,1
South_Carolina,Columbia,4,0.6,0,1
South_Carolina,Columbia,5,0.7,1,1
South_Carolina,Columbia,6,0.5,0,1
South_Carolina,Columbia,7,0.6,1,1
South_Carolina,Columbia,8,0.3,0,1
South_Carolina,Columbia,9,0.8,1,1
South_Carolina,Columbia,10,0.6,1,1
South_Carolina,Columbia,11,0.15,0,1
South_Carolina,Columbia,12,0.9,1,1
South_Carolina,Columbia,13,0.5,0,1
South_Carolina,Columbia,14,0.5,0,1
South_Carolina,Columbia,15,0.6,0,1
South_Carolina,Columbia,16,0.5,0,1
South_Carolina,Columbia,17,0.3,0,1
South_Carolina,Columbia,18,0.5,0,1
South_Carolina,Columbia,19,0.75,1,1
South_Carolina,Columbia,20,0.4,1,1
South_Carolina,Columbia,21,0.7,0,1
South_Carolina,Columbia,22,0.3,0,1
South_Carolina,Columbia,23,0.9,1,1
South_Carolina,Columbia,24,0.85,1,1
South_Carolina,Columbia,25,0.9,1,1
South_Carolina,Columbia,26,0.25,1,1
South_Carolina,Columbia,27,0.8,0,1
South_Carolina,Columbia,28,0.7,1,1
South_Carolina,Columbia,29,0.5,0,1
South_Carolina,Columbia,30,0.1,0,1
South_Carolina,Columbia,31,0.7,0,1
South_Carolina,Columbia,32,0.6,1,1
South_Carolina,Columbia,33,1,1,1
South_Carolina,Columbia,34,0.25,0,1
South_Carolina,Columbia,35,0.8,1,1
South_Carolina,Columbia,36,0.2,0,1
South_Carolina,Columbia,37,0.75,0,1
South_Carolina,Columbia,38,0.4,0,1
South_Carolina,Columbia,39,0.5,0,1
South_Carolina,Columbia,40,0.6,0,1
South_Carolina,Columbia,41,0.5,1,1
South_Carolina,Columbia,42,0.5,0,1
South_Carolina,Columbia,43,0.1,0,1
South_Carolina,Columbia,44,0.6,1,1
South_Carolina,Columbia,45,0.9,0,1
South_Carolina,Columbia,46,0.5,0,1
South_Carolina,Columbia,47,0.7,1,1
South_Carolina,Columbia,48,0.3,0,1
South_Carolina,Columbia,49,0.55,1,1
South_Carolina,Columbia,50,0,0,1
South_Carolina,Columbia,51,0.65,1,1
South_Dakota,Sioux_Falls,1,0.6,1,0
South_Dakota,Sioux_Falls,2,0.2,0,0
South_Dakota,Sioux_Falls,3,0.6,1,0
South_Dakota,Sioux_Falls,4,0.7,1,0
South_Dakota,Sioux_Falls,5,0.5,1,0
South_Dakota,Sioux_Falls,6,0.5,1,0
South_Dakota,Sioux_Falls,7,0.6,1,0
South_Dakota,Sioux_Falls,8,0.9,1,0
South_Dakota,Sioux_Falls,9,0.7,0,0
South_Dakota,Sioux_Falls,10,0.4,0,0
South_Dakota,Sioux_Falls,11,0.7,1,0
South_Dakota,Sioux_Falls,12,0,1,0
South_Dakota,Sioux_Falls,13,0.5,0,0
South_Dakota,Sioux_Falls,14,0.7,1,0
South_Dakota,Sioux_Falls,15,0.6,0,0
South_Dakota,Sioux_Falls,16,0.4,0,0
South_Dakota,Sioux_Falls,17,0.3,0,0
South_Dakota,Sioux_Falls,18,0.3,0,0
South_Dakota,Sioux_Falls,19,0.8,0,0
South_Dakota,Sioux_Falls,20,0.4,0,0
South_Dakota,Sioux_Falls,21,0.7,1,0
South_Dakota,Sioux_Falls,22,0.7,1,0
South_Dakota,Sioux_Falls,23,0.8,0,0
South_Dakota,Sioux_Falls,24,0.9,0,0
South_Dakota,Sioux_Falls,25,0.6,0,0
South_Dakota,Sioux_Falls,26,0.5,1,0
South_Dakota,Sioux_Falls,27,0.8,0,0
South_Dakota,Sioux_Falls,28,0.6,0,0
South_Dakota,Sioux_Falls,29,0.5,1,0
South_Dakota,Sioux_Falls,30,0.1,0,0
South_Dakota,Sioux_Falls,31,0.65,0,0
South_Dakota,Sioux_Falls,32,0.6,0,0
South_Dakota,Sioux_Falls,33,0.8,0,0
South_Dakota,Sioux_Falls,34,0.75,0,0
South_Dakota,Sioux_Falls,35,0.7,1,0
South_Dakota,Sioux_Falls,36,0.6,1,0
South_Dakota,Sioux_Falls,37,0.6,0,0
South_Dakota,Sioux_Falls,38,0.7,1,0
South_Dakota,Sioux_Falls,39,0.5,0,0
South_Dakota,Sioux_Falls,40,0.6,1,0
South_Dakota,Sioux_Falls,41,0.4,0,0
South_Dakota,Sioux_Falls,42,0.6,1,0
South_Dakota,Sioux_Falls,43,0.1,1,0
South_Dakota,Sioux_Falls,44,0.6,1,0
South_Dakota,Sioux_Falls,45,0.8,1,0
South_Dakota,Sioux_Falls,46,0.5,1,0
South_Dakota,Sioux_Falls,47,0.65,1,0
South_Dakota,Sioux_Falls,48,0.8,1,0
South_Dakota,Sioux_Falls,49,0.45,0,0
South_Dakota,Sioux_Falls,50,0.3,1,0
South_Dakota,Sioux_Falls,51,0,0,0
Tennessee,Memphis,1,0.7,1,0
Tennessee,Memphis,2,0.98,1,0
Tennessee,Memphis,3,0.6,1,0
Tennessee,Memphis,4,0.8,1,0
Tennessee,Memphis,5,0.65,0,0
Tennessee,Memphis,6,0.5,1,0
Tennessee,Memphis,7,0.8,1,0
Tennessee,Memphis,8,0.65,1,0
Tennessee,Memphis,9,0.7,0,0
Tennessee,Memphis,10,0.6,1,0
Tennessee,Memphis,11,0.8,1,0
Tennessee,Memphis,12,0.9,1,0
Tennessee,Memphis,13,0.75,1,0
Tennessee,Memphis,14,0.8,1,0
Tennessee,Memphis,15,0.65,0,0
Tennessee,Memphis,16,0.8,1,0
Tennessee,Memphis,17,0.3,0,0
Tennessee,Memphis,18,0.2,1,0
Tennessee,Memphis,19,0.8,0,0
Tennessee,Memphis,20,0.4,0,0
Tennessee,Memphis,21,0.8,0,0
Tennessee,Memphis,22,0.8,1,0
Tennessee,Memphis,23,0.7,0,0
Tennessee,Memphis,24,0.9,1,0
Tennessee,Memphis,25,0.5,1,0
Tennessee,Memphis,26,0.65,0,0
Tennessee,Memphis,27,0.8,0,0
Tennessee,Memphis,28,0.7,0,0
Tennessee,Memphis,29,0.5,1,0
Tennessee,Memphis,30,0.95,1,0
Tennessee,Memphis,31,0.8,0,0
Tennessee,Memphis,32,0.65,0,0
Tennessee,Memphis,33,0.8,1,0
Tennessee,Memphis,34,0.25,0,0
Tennessee,Memphis,35,0.6,1,0
Tennessee,Memphis,36,0.7,1,0
Tennessee,Memphis,37,0.6,0,0
Tennessee,Memphis,38,0.8,1,0
Tennessee,Memphis,39,0.6,1,0
Tennessee,Memphis,40,0.8,1,0
Tennessee,Memphis,41,0.5,1,0
Tennessee,Memphis,42,0.6,1,0
Tennessee,Memphis,43,0.1,0,0
Tennessee,Memphis,44,0.7,1,0
Tennessee,Memphis,45,0.95,1,0
Tennessee,Memphis,46,0.7,1,0
Tennessee,Memphis,47,0.9,1,0
Tennessee,Memphis,48,0.9,1,0
Tennessee,Memphis,49,0.35,0,0
Tennessee,Memphis,50,0.75,1,0
Tennessee,Memphis,51,0.9,1,0
Texas,Houston,1,0.6,0,0
Texas,Houston,2,0.98,1,0
Texas,Houston,3,0.6,1,0
Texas,Houston,4,0.3,0,0
Texas,Houston,5,0.65,0,0
Texas,Houston,6,0.5,0,0
Texas,Houston,7,0.9,1,0
Texas,Houston,8,0.85,1,0
Texas,Houston,9,0.8,0,0
Texas,Houston,10,0.6,1,0
Texas,Houston,11,0.7,1,0
Texas,Houston,12,0.9,1,0
Texas,Houston,13,0.5,0,0
Texas,Houston,14,0.6,0,0
Texas,Houston,15,0.65,0,0
Texas,Houston,16,0.95,1,0
Texas,Houston,17,0.2,0,0
Texas,Houston,18,0.65,1,0
Texas,Houston,19,0.8,0,0
Texas,Houston,20,0.9,1,0
Texas,Houston,21,0.8,0,0
Texas,Houston,22,0.75,1,0
Texas,Houston,23,0.6,0,0
Texas,Houston,24,0.6,0,0
Texas,Houston,25,0.5,1,0
Texas,Houston,26,0.55,0,0
Texas,Houston,27,0.6,1,0
Texas,Houston,28,0.6,0,0
Texas,Houston,29,0.5,0,0
Texas,Houston,30,0.8,1,0
Texas,Houston,31,0.8,0,0
Texas,Houston,32,0.75,0,0
Texas,Houston,33,0.6,0,0
Texas,Houston,34,0.75,0,0
Texas,Houston,35,0.6,1,0
Texas,Houston,36,0.3,0,0
Texas,Houston,37,0.6,0,0
Texas,Houston,38,0.7,0,0
Texas,Houston,39,0.8,1,0
Texas,Houston,40,0.8,1,0
Texas,Houston,41,0.6,0,0
Texas,Houston,42,0.3,0,0
Texas,Houston,43,0.1,0,0
Texas,Houston,44,0.8,1,0
Texas,Houston,45,0.9,0,0
Texas,Houston,46,0.8,1,0
Texas,Houston,47,0.6,0,0
Texas,Houston,48,0.9,1,0
Texas,Houston,49,0.45,0,0
Texas,Houston,50,0.3,0,0
Texas,Houston,51,0.05,0,0
Utah,Salt_Lake_City,1,0.6,0,1
Utah,Salt_Lake_City,2,0.98,1,1
Utah,Salt_Lake_City,3,0.6,1,1
Utah,Salt_Lake_City,4,0.8,1,1
Utah,Salt_Lake_City,5,0.6,0,1
Utah,Salt_Lake_City,6,0.5,1,1
Utah,Salt_Lake_City,7,0.9,1,1
Utah,Salt_Lake_City,8,0.85,1,1
Utah,Salt_Lake_City,9,0.8,1,1
Utah,Salt_Lake_City,10,0.6,1,1
Utah,Salt_Lake_City,11,0.95,1,1
Utah,Salt_Lake_City,12,0.9,0,1
Utah,Salt_Lake_City,13,0.7,1,1
Utah,Salt_Lake_City,14,0.7,1,1
Utah,Salt_Lake_City,15,0.5,0,1
Utah,Salt_Lake_City,16,0.7,1,1
Utah,Salt_Lake_City,17,0.8,1,1
Utah,Salt_Lake_City,18,0.65,1,1
Utah,Salt_Lake_City,19,0.8,1,1
Utah,Salt_Lake_City,20,0.8,0,1
Utah,Salt_Lake_City,21,0.8,0,1
Utah,Salt_Lake_City,22,0.9,1,1
Utah,Salt_Lake_City,23,0.8,1,1
Utah,Salt_Lake_City,24,0.95,1,1
Utah,Salt_Lake_City,25,0.5,0,1
Utah,Salt_Lake_City,26,0.6,1,1
Utah,Salt_Lake_City,27,0.5,0,1
Utah,Salt_Lake_City,28,0.5,1,1
Utah,Salt_Lake_City,29,0.5,1,1
Utah,Salt_Lake_City,30,0.4,0,1
Utah,Salt_Lake_City,31,0.85,1,1
Utah,Salt_Lake_City,32,0.65,1,1
Utah,Salt_Lake_City,33,0.5,1,1
Utah,Salt_Lake_City,34,0.75,0,1
Utah,Salt_Lake_City,35,0.8,1,1
Utah,Salt_Lake_City,36,0.7,1,1
Utah,Salt_Lake_City,37,0.9,1,1
Utah,Salt_Lake_City,38,0.7,1,1
Utah,Salt_Lake_City,39,0.8,1,1
Utah,Salt_Lake_City,40,0.7,1,1
Utah,Salt_Lake_City,41,0.75,1,1
Utah,Salt_Lake_City,42,0.75,1,1
Utah,Salt_Lake_City,43,0.1,1,1
Utah,Salt_Lake_City,44,0.75,1,1
Utah,Salt_Lake_City,45,0.8,1,1
Utah,Salt_Lake_City,46,0.8,1,1
Utah,Salt_Lake_City,47,0.75,1,1
Utah,Salt_Lake_City,48,0.9,1,1
Utah,Salt_Lake_City,49,0.6,1,1
Utah,Salt_Lake_City,50,0.85,1,1
Utah,Salt_Lake_City,51,1,1,1
Vermont,Burlington,1,0.55,1,0
Vermont,Burlington,2,0.8,1,0
Vermont,Burlington,3,0.6,1,0
Vermont,Burlington,4,0.4,0,0
Vermont,Burlington,5,0.7,0,0
Vermont,Burlington,6,0.5,0,0
Vermont,Burlington,7,0.9,1,0
Vermont,Burlington,8,0.55,1,0
Vermont,Burlington,9,0.8,1,0
Vermont,Burlington,10,0.4,0,0
Vermont,Burlington,11,0.8,0,0
Vermont,Burlington,12,0.95,1,0
Vermont,Burlington,13,0.8,0,0
Vermont,Burlington,14,0.7,1,0
Vermont,Burlington,15,0.6,1,0
Vermont,Burlington,16,0.6,1,0
Vermont,Burlington,17,0.4,1,0
Vermont,Burlington,18,0.5,0,0
Vermont,Burlington,19,0.8,1,0
Vermont,Burlington,20,0.4,0,0
Vermont,Burlington,21,0.7,1,0
Vermont,Burlington,22,0.25,0,0
Vermont,Burlington,23,0.7,1,0
Vermont,Burlington,24,0.9,1,0
Vermont,Burlington,25,0.75,1,0
Vermont,Burlington,26,0.65,0,0
Vermont,Burlington,27,0.5,1,0
Vermont,Burlington,28,0.4,0,0
Vermont,Burlington,29,0.5,0,0
Vermont,Burlington,30,0.8,1,0
Vermont,Burlington,31,0.7,1,0
Vermont,Burlington,32,0.7,1,0
Vermont,Burlington,33,0.5,0,0
Vermont,Burlington,34,0.25,1,0
Vermont,Burlington,35,0.6,0,0
Vermont,Burlington,36,0.8,1,0
Vermont,Burlington,37,0.7,0,0
Vermont,Burlington,38,0.6,0,0
Vermont,Burlington,39,0.9,0,0
Vermont,Burlington,40,0.6,1,0
Vermont,Burlington,41,0.5,0,0
Vermont,Burlington,42,0.6,1,0
Vermont,Burlington,43,0.1,1,0
Vermont,Burlington,44,0.7,1,0
Vermont,Burlington,45,0.8,1,0
Vermont,Burlington,46,0.5,0,0
Vermont,Burlington,47,0.75,1,0
Vermont,Burlington,48,0.8,1,0
Vermont,Burlington,49,0.6,0,0
Vermont,Burlington,50,0.85,1,0
Vermont,Burlington,51,0,0,0
Virginia,Virginia_Beach,1,0.4,0,0
Virginia,Virginia_Beach,2,0.2,0,0
Virginia,Virginia_Beach,3,0.6,1,0
Virginia,Virginia_Beach,4,0.3,0,0
Virginia,Virginia_Beach,5,0.55,0,0
Virginia,Virginia_Beach,6,0.5,0,0
Virginia,Virginia_Beach,7,0.7,1,0
Virginia,Virginia_Beach,8,0.5,1,0
Virginia,Virginia_Beach,9,0.4,0,0
Virginia,Virginia_Beach,10,0.4,0,0
Virginia,Virginia_Beach,11,0.3,0,0
Virginia,Virginia_Beach,12,0.85,1,0
Virginia,Virginia_Beach,13,0.5,0,0
Virginia,Virginia_Beach,14,0.3,0,0
Virginia,Virginia_Beach,15,0.6,0,0
Virginia,Virginia_Beach,16,0.4,0,0
Virginia,Virginia_Beach,17,0.2,0,0
Virginia,Virginia_Beach,18,0.2,0,0
Virginia,Virginia_Beach,19,0.5,0,0
Virginia,Virginia_Beach,20,0.3,0,0
Virginia,Virginia_Beach,21,0.6,0,0
Virginia,Virginia_Beach,22,0.05,0,0
Virginia,Virginia_Beach,23,0.6,0,0
Virginia,Virginia_Beach,24,0.7,0,0
Virginia,Virginia_Beach,25,0.5,0,0
Virginia,Virginia_Beach,26,0.45,0,0
Virginia,Virginia_Beach,27,0.5,0,0
Virginia,Virginia_Beach,28,0.3,0,0
Virginia,Virginia_Beach,29,0.5,0,0
Virginia,Virginia_Beach,30,0.1,0,0
Virginia,Virginia_Beach,31,0.8,0,0
Virginia,Virginia_Beach,32,0.65,0,0
Virginia,Virginia_Beach,33,0.7,1,0
Virginia,Virginia_Beach,34,0.25,0,0
Virginia,Virginia_Beach,35,0.4,0,0
Virginia,Virginia_Beach,36,0.2,0,0
Virginia,Virginia_Beach,37,0.6,0,0
Virginia,Virginia_Beach,38,0.4,0,0
Virginia,Virginia_Beach,39,0.6,0,0
Virginia,Virginia_Beach,40,0.2,0,0
Virginia,Virginia_Beach,41,0.5,0,0
Virginia,Virginia_Beach,42,0.2,0,0
Virginia,Virginia_Beach,43,0.1,0,0
Virginia,Virginia_Beach,44,0.4,0,0
Virginia,Virginia_Beach,45,0.2,0,0
Virginia,Virginia_Beach,46,0.5,0,0
Virginia,Virginia_Beach,47,0.65,0,0
Virginia,Virginia_Beach,48,0.2,0,0
Virginia,Virginia_Beach,49,0.5,0,0
Virginia,Virginia_Beach,50,0,0,0
Virginia,Virginia_Beach,51,0,0,0
Washington,Seattle,1,0.5,0,0
Washington,Seattle,2,1,1,0
Washington,Seattle,3,0.6,1,0
Washington,Seattle,4,0.8,1,0
Washington,Seattle,5,0.75,0,0
Washington,Seattle,6,0.5,0,0
Washington,Seattle,7,0.9,1,0
Washington,Seattle,8,0.85,1,0
Washington,Seattle,9,0.6,0,0
Washington,Seattle,10,0.4,0,0
Washington,Seattle,11,0.7,0,0
Washington,Seattle,12,0.9,1,0
Washington,Seattle,13,0.8,1,0
Washington,Seattle,14,0.6,1,0
Washington,Seattle,15,0.7,1,0
Washington,Seattle,16,0,0,0
Washington,Seattle,17,0.2,0,0
Washington,Seattle,18,0.8,1,0
Washington,Seattle,19,0.6,1,0
Washington,Seattle,20,0.2,0,0
Washington,Seattle,21,0.7,0,0
Washington,Seattle,22,0.75,0,0
Washington,Seattle,23,0.8,0,0
Washington,Seattle,24,0.95,1,0
Washington,Seattle,25,0.8,1,0
Washington,Seattle,26,0.39,1,0
Washington,Seattle,27,0.6,1,0
Washington,Seattle,28,0.6,0,0
Washington,Seattle,29,0.5,1,0
Washington,Seattle,30,0.95,1,0
Washington,Seattle,31,0.7,0,0
Washington,Seattle,32,0.65,1,0
Washington,Seattle,33,0.7,1,0
Washington,Seattle,34,0.75,1,0
Washington,Seattle,35,0.8,1,0
Washington,Seattle,36,0.7,1,0
Washington,Seattle,37,0.6,0,0
Washington,Seattle,38,0.9,1,0
Washington,Seattle,39,0.5,0,0
Washington,Seattle,40,0.8,1,0
Washington,Seattle,41,0.3,0,0
Washington,Seattle,42,0.95,1,0
Washington,Seattle,43,0.1,1,0
Washington,Seattle,44,0.7,1,0
Washington,Seattle,45,0.9,1,0
Washington,Seattle,46,0.5,0,0
Washington,Seattle,47,0.75,1,0
Washington,Seattle,48,0.2,0,0
Washington,Seattle,49,0.35,0,0
Washington,Seattle,50,0.9,1,0
Washington,Seattle,51,1,1,0
West_Virginia,Charleston,1,0.5,1,1
West_Virginia,Charleston,2,0.5,0,1
West_Virginia,Charleston,3,0.6,1,1
West_Virginia,Charleston,4,0.6,0,1
West_Virginia,Charleston,5,0.4,0,1
West_Virginia,Charleston,6,0.5,0,1
West_Virginia,Charleston,7,0.8,1,1
West_Virginia,Charleston,8,0.3,0,1
West_Virginia,Charleston,9,0.9,1,1
West_Virginia,Charleston,10,0.4,0,1
West_Virginia,Charleston,11,0.25,0,1
West_Virginia,Charleston,12,0.9,1,1
West_Virginia,Charleston,13,0.5,1,1
West_Virginia,Charleston,14,0.7,1,1
West_Virginia,Charleston,15,0.7,0,1
West_Virginia,Charleston,16,0.6,1,1
West_Virginia,Charleston,17,0.2,0,1
West_Virginia,Charleston,18,0.6,0,1
West_Virginia,Charleston,19,0.6,0,1
West_Virginia,Charleston,20,0.3,0,1
West_Virginia,Charleston,21,0.3,0,1
West_Virginia,Charleston,22,0.3,1,1
West_Virginia,Charleston,23,0.5,0,1
West_Virginia,Charleston,24,0.8,0,1
West_Virginia,Charleston,25,0.5,0,1
West_Virginia,Charleston,26,0.35,1,1
West_Virginia,Charleston,27,0.5,0,1
West_Virginia,Charleston,28,0.5,0,1
West_Virginia,Charleston,29,0.5,1,1
West_Virginia,Charleston,30,0.75,1,1
West_Virginia,Charleston,31,0.65,1,1
West_Virginia,Charleston,32,0.5,1,1
West_Virginia,Charleston,33,0.5,0,1
West_Virginia,Charleston,34,0.5,0,1
West_Virginia,Charleston,35,0.7,1,1
West_Virginia,Charleston,36,0.7,1,1
West_Virginia,Charleston,37,0.6,1,1
West_Virginia,Charleston,38,0.5,0,1
West_Virginia,Charleston,39,0.7,1,1
West_Virginia,Charleston,40,0.2,0,1
West_Virginia,Charleston,41,0.6,1,1
West_Virginia,Charleston,42,0.7,1,1
West_Virginia,Charleston,43,0.1,1,1
West_Virginia,Charleston,44,0.6,1,1
West_Virginia,Charleston,45,0.8,0,1
West_Virginia,Charleston,46,0.5,0,1
West_Virginia,Charleston,47,0.8,1,1
West_Virginia,Charleston,48,0.6,1,1
West_Virginia,Charleston,49,0.5,1,1
West_Virginia,Charleston,50,0,0,1
West_Virginia,Charleston,51,0.05,0,1
Wisconsin,Milwaukee,1,0.7,1,0
Wisconsin,Milwaukee,2,0.8,1,0
Wisconsin,Milwaukee,3,0.6,1,0
Wisconsin,Milwaukee,4,0.7,1,0
Wisconsin,Milwaukee,5,0.5,0,0
Wisconsin,Milwaukee,6,0.5,1,0
Wisconsin,Milwaukee,7,0.9,1,0
Wisconsin,Milwaukee,8,0.4,0,0
Wisconsin,Milwaukee,9,0.8,0,0
Wisconsin,Milwaukee,10,0.4,0,0
Wisconsin,Milwaukee,11,0.7,1,0
Wisconsin,Milwaukee,12,0.9,1,0
Wisconsin,Milwaukee,13,0.5,1,0
Wisconsin,Milwaukee,14,0.8,0,0
Wisconsin,Milwaukee,15,0.65,1,0
Wisconsin,Milwaukee,16,0.7,1,0
Wisconsin,Milwaukee,17,0.35,0,0
Wisconsin,Milwaukee,18,0.5,1,0
Wisconsin,Milwaukee,19,0.5,0,0
Wisconsin,Milwaukee,20,0.4,1,0
Wisconsin,Milwaukee,21,0.7,0,0
Wisconsin,Milwaukee,22,0.4,0,0
Wisconsin,Milwaukee,23,0.5,0,0
Wisconsin,Milwaukee,24,0.7,0,0
Wisconsin,Milwaukee,25,0.75,1,0
Wisconsin,Milwaukee,26,0.25,0,0
Wisconsin,Milwaukee,27,0.5,0,0
Wisconsin,Milwaukee,28,0.6,0,0
Wisconsin,Milwaukee,29,0.5,0,0
Wisconsin,Milwaukee,30,0.2,0,0
Wisconsin,Milwaukee,31,0.7,1,0
Wisconsin,Milwaukee,32,0.5,0,0
Wisconsin,Milwaukee,33,0.5,0,0
Wisconsin,Milwaukee,34,0.5,0,0
Wisconsin,Milwaukee,35,0.8,0,0
Wisconsin,Milwaukee,36,0.3,0,0
Wisconsin,Milwaukee,37,0.6,0,0
Wisconsin,Milwaukee,38,0.5,0,0
Wisconsin,Milwaukee,39,0.8,1,0
Wisconsin,Milwaukee,40,0.8,1,0
Wisconsin,Milwaukee,41,0.5,0,0
Wisconsin,Milwaukee,42,0.6,1,0
Wisconsin,Milwaukee,43,0.1,1,0
Wisconsin,Milwaukee,44,0.6,1,0
Wisconsin,Milwaukee,45,0.85,1,0
Wisconsin,Milwaukee,46,0.6,1,0
Wisconsin,Milwaukee,47,0.7,1,0
Wisconsin,Milwaukee,48,0.3,0,0
Wisconsin,Milwaukee,49,0.4,0,0
Wisconsin,Milwaukee,50,0.6,1,0
Wisconsin,Milwaukee,51,0.7,1,0
Wyoming,Cheyenne,1,0.6,1,1
Wyoming,Cheyenne,2,0.5,0,1
Wyoming,Cheyenne,3,0.6,1,1
Wyoming,Cheyenne,4,0.6,0,1
Wyoming,Cheyenne,5,0.6,0,1
Wyoming,Cheyenne,6,0.5,0,1
Wyoming,Cheyenne,7,0.9,1,1
Wyoming,Cheyenne,8,0.35,0,1
Wyoming,Cheyenne,9,0.9,1,1
Wyoming,Cheyenne,10,0.4,0,1
Wyoming,Cheyenne,11,0.3,0,1
Wyoming,Cheyenne,12,0.9,1,1
Wyoming,Cheyenne,13,0.5,0,1
Wyoming,Cheyenne,14,0.6,1,1
Wyoming,Cheyenne,15,0.5,0,1
Wyoming,Cheyenne,16,0.4,0,1
Wyoming,Cheyenne,17,0.65,1,1
Wyoming,Cheyenne,18,0.5,0,1
Wyoming,Cheyenne,19,0.5,0,1
Wyoming,Cheyenne,20,0.4,0,1
Wyoming,Cheyenne,21,0.6,0,1
Wyoming,Cheyenne,22,0.5,1,1
Wyoming,Cheyenne,23,0.6,1,1
Wyoming,Cheyenne,24,0.9,1,1
Wyoming,Cheyenne,25,0.7,1,1
Wyoming,Cheyenne,26,0.4,0,1
Wyoming,Cheyenne,27,0.8,0,1
Wyoming,Cheyenne,28,0.5,1,1
Wyoming,Cheyenne,29,0.5,1,1
Wyoming,Cheyenne,30,0.1,0,1
Wyoming,Cheyenne,31,0.7,1,1
Wyoming,Cheyenne,32,0.5,1,1
Wyoming,Cheyenne,33,0.7,1,1
Wyoming,Cheyenne,34,0.75,1,1
Wyoming,Cheyenne,35,0.7,1,1
Wyoming,Cheyenne,36,0.4,0,1
Wyoming,Cheyenne,37,0.6,0,1
Wyoming,Cheyenne,38,0.6,1,1
Wyoming,Cheyenne,39,0.6,1,1
Wyoming,Cheyenne,40,0.6,1,1
Wyoming,Cheyenne,41,0.8,1,1
Wyoming,Cheyenne,42,0.95,1,1
Wyoming,Cheyenne,43,0.1,1,1
Wyoming,Cheyenne,44,0.4,0,1
Wyoming,Cheyenne,45,0.9,1,1
Wyoming,Cheyenne,46,0.7,1,1
Wyoming,Cheyenne,47,0.7,1,1
Wyoming,Cheyenne,48,0.3,0,1
Wyoming,Cheyenne,49,0.35,0,1
Wyoming,Cheyenne,50,0.6,0,1
Wyoming,Cheyenne,51,0.95,1,1
