title,subject,actual_price,actual,own_price_bin,own,meta
On The Couch,1,700,0,1,0,0.25
conversation with spoonbill,1,50,0,1,0,0.15
Nu debout,1,689600,1,1,0,0.35
ramana,1,9600,0,1,0,0.35
Captives,1,779200,1,2,1,0.4
Intruder,1,20,0,1,0,0.4
Midsummer Night,1,650,0,1,0,0.2
Waiting for the rain,1,100,0,1,0,0.2
Flor,1,800,0,2,1,0.4
Red Irises,1,2500,0,1,0,0.15
celestial,1,1900,0,2,1,0.4
Amazing land,1,89,0,1,0,0.2
Lotus Rising,1,14400,0,2,1,0.5
Mandala No3,1,1500,0,1,0,0.1
Quality Material,1,4408000,1,2,1,0.45
It is my thing this Evening,1,4500,0,1,0,0.3
Untitled - P137,1,1810276,1,1,0,0.25
Canada Two Toronto,1,8550,0,1,0,0.3
Night,1,1384000,1,1,0,0.25
"Untitled (Monsieur Francois Pinault, President du Groupe Artemis)",1,240000,1,1,0,0.25
Head and Bottle,1,6536000,1,2,1,0.4
Keep Me Safe,1,119556,1,2,1,0.55
Mouth #2,1,2168000,1,2,1,0.7
M-39,1,96000,1,2,1,0.35
Armenian Question,1,288000,1,1,0,0.25
Lip-biter,1,384000,1,2,1,0.35
Elemental 11,1,675,0,2,1,0.6
Interval Series apolyo,1,9000,0,2,1,0.55
Galloping Horse Blur,1,1200,0,1,0,0.35
Squirrel Hole,1,85,0,1,0,0.4
Red Scarf,1,54000,1,1,0,0.35
Prelude,1,7500,0,1,0,0.3
Asleep,1,2500,0,1,0,0.3
muse 18,1,3750,0,1,0,0.35
scarlet,1,4000,0,2,1,0.35
Sinking Ship,1,902564,1,1,0,0.2
The town sonnets,1,950,0,2,1,0.6
The girl in red,1,950,0,1,0,0.3
Hotel Window,1,26896000,1,3,1,0.9
Botticelli e Filippino,1,7000,0,2,1,0.6
Ericksons,1,10344000,1,2,1,0.5
BLUE SELLY 2,1,3200,0,1,0,0.25
Censorship,1,7500,0,2,1,0.4
You are beautiful,1,2800,0,1,0,0.4
Portrait of the Artist and His Friends,1,2618925,1,1,0,0.35
HOW MUCH,1,25,0,1,0,0.25
Chorus,1,4800,0,1,0,0.35
Tender Nurse,1,2256000,1,1,0,0.5
Morning,1,1100,0,2,1,0.4
Moth,1,747825,1,1,0,0.4
Green Dress In Blue Space,1,4500,0,1,0,0.35
Falling Figure with Bird,1,1248000,1,2,1,0.55
Those Who Are Here Again,1,824000,1,2,1,0.4
Camel Driver,1,4500,0,1,0,0.25
Portrait-2,1,950,0,2,1,0.4
1304,1,6000,0,2,1,0.55
sleepy land,1,65,0,1,0,0.2
THE 10th MILKY WAY 5th CONSTELLATION GALAXY OF TUUNES,1,8000,0,1,0,0.25
Mapping the Soul,1,35,0,1,0,0.3
Bobs World,1,822400,1,2,1,0.3
Recompensa,1,980,0,1,0,0.25
High Society,1,968000,1,2,1,0.4
Jasmine,1,4200,0,1,0,0.3
A Question of Balance,1,950,0,2,1,0.35
Panic,1,75,0,1,0,0.25
under the sun,1,4800,0,1,0,0.35
abstract66,1,7500,0,2,1,0.4
White line melody,1,850,0,1,0,0.35
Lavender Mist,1,420000,1,3,1,0.6
Figure 4,1,17400000,1,3,1,0.6
Sharp Angle,1,350,0,2,1,0.4
Colorado River,1,192000,1,2,1,0.35
structure I,1,50,0,1,0,0.35
Self-Portrait as Goofy-Foot,1,744000,1,1,0,0.35
tree of life,1,9000,0,2,1,0.4
Flannan,1,936000,1,2,1,0.55
Calvary,1,850,0,1,0,0.35
RED CHANGER,1,9100,0,2,1,0.4
Samurai,1,85,0,2,1,0.45
Standing Male Nude in the Shower,1,1160000,1,2,1,0.35
Folly,1,1200,0,1,0,0.35
a place,1,60,0,1,0,0.3
Nude Aqua,1,70,0,2,1,0.4
Bruce Bernard,1,119556,1,2,1,0.6
Yellow spin,1,6000,0,2,1,0.45
The still life with the flowers,1,650,0,1,0,0.35
dance in the living room,1,8000,0,1,0,0.3
Birdie View II,1,1625,0,1,0,0.3
Rhythmic Structure,1,4500,0,2,1,0.4
Dilusion,1,750,0,1,0,0.2
On The Couch,2,700,0,1,0,0.8
conversation with spoonbill,2,50,0,2,1,0.6
Nu debout,2,689600,1,1,0,0.6
ramana,2,9600,0,1,0,0.3
Captives,2,779200,1,1,0,0.6
Intruder,2,20,0,2,1,0.7
Midsummer Night,2,650,0,1,0,0.4
Waiting for the rain,2,100,0,2,1,0.7
Flor,2,800,0,1,0,0.4
Red Irises,2,2500,0,1,0,0.5
celestial,2,1900,0,1,0,0.4
Amazing land,2,89,0,0,0,0.1
Lotus Rising,2,14400,0,1,0,0.7
Mandala No3,2,1500,0,0,0,0.1
Quality Material,2,4408000,1,2,1,0.4
It is my thing this Evening,2,4500,0,1,0,0.4
Untitled - P137,2,1810276,1,2,1,0.8
Canada Two Toronto,2,8550,0,2,1,0.7
Night,2,1384000,1,2,1,0.8
"Untitled (Monsieur Francois Pinault, President du Groupe Artemis)",2,240000,1,1,0,0.4
Head and Bottle,2,6536000,1,1,0,0.6
Keep Me Safe,2,119556,1,2,1,0.8
Mouth #2,2,2168000,1,2,1,0.8
M-39,2,96000,1,2,1,0.6
Armenian Question,2,288000,1,1,0,0.4
Lip-biter,2,384000,1,2,1,0.7
Elemental 11,2,675,0,1,0,0.4
Interval Series apolyo,2,9000,0,2,1,0.8
Galloping Horse Blur,2,1200,0,1,0,0.31
Squirrel Hole,2,85,0,1,0,0.2
Red Scarf,2,54000,1,1,0,0.5
Prelude,2,7500,0,1,0,0.4
Asleep,2,2500,0,1,0,0.4
muse 18,2,3750,0,1,0,0.4
scarlet,2,4000,0,2,1,0.7
Sinking Ship,2,902564,1,2,1,0.7
The town sonnets,2,950,0,1,0,0.6
The girl in red,2,950,0,1,0,0.2
Hotel Window,2,26896000,1,2,1,0.8
Botticelli e Filippino,2,7000,0,2,1,0.8
Ericksons,2,10344000,1,1,0,0.5
BLUE SELLY 2,2,3200,0,1,0,0.4
Censorship,2,7500,0,1,0,0.31
You are beautiful,2,2800,0,2,1,0.7
Portrait of the Artist and His Friends,2,2618925,1,2,1,0.5
HOW MUCH,2,25,0,1,0,0.2
Chorus,2,4800,0,1,0,0.6
Tender Nurse,2,2256000,1,2,1,0.9
Morning,2,1100,0,2,1,0.7
Moth,2,747825,1,2,1,0.7
Green Dress In Blue Space,2,4500,0,1,0,0.7
Falling Figure with Bird,2,1248000,1,3,1,0.9
Those Who Are Here Again,2,824000,1,2,1,0.8
Camel Driver,2,4500,0,1,0,0.5
Portrait-2,2,950,0,1,0,0.4
1304,2,6000,0,2,1,0.8
sleepy land,2,65,0,1,0,0.2
THE 10th MILKY WAY 5th CONSTELLATION GALAXY OF TUUNES,2,8000,0,1,0,0.4
Mapping the Soul,2,35,0,1,0,0.3
Bobs World,2,822400,1,2,1,0.6
Recompensa,2,980,0,2,1,0.6
High Society,2,968000,1,1,0,0.6
Jasmine,2,4200,0,2,1,0.7
A Question of Balance,2,950,0,1,0,0.4
Panic,2,75,0,1,0,0.2
under the sun,2,4800,0,2,1,0.6
abstract66,2,7500,0,1,0,0.6
White line melody,2,850,0,1,0,0.4
Lavender Mist,2,420000,1,3,1,0.9
Figure 4,2,17400000,1,3,1,0.8
Sharp Angle,2,350,0,1,0,0.4
Colorado River,2,192000,1,2,1,0.7
structure I,2,50,0,1,0,0.4
Self-Portrait as Goofy-Foot,2,744000,1,2,1,0.7
tree of life,2,9000,0,1,0,0.4
Flannan,2,936000,1,2,1,0.7
Calvary,2,850,0,2,1,0.7
RED CHANGER,2,9100,0,2,1,0.6
Samurai,2,85,0,2,1,0.8
Standing Male Nude in the Shower,2,1160000,1,2,1,0.6
Folly,2,1200,0,1,0,0.5
a place,2,60,0,1,0,0.1
Nude Aqua,2,70,0,2,1,0.5
Bruce Bernard,2,119556,1,2,1,0.7
Yellow spin,2,6000,0,2,1,0.8
The still life with the flowers,2,650,0,1,0,0.6
dance in the living room,2,8000,0,1,0,0.4
Birdie View II,2,1625,0,2,1,0.7
Rhythmic Structure,2,4500,0,2,1,0.5
Dilusion,2,750,0,1,0,0.5
On The Couch,3,700,0,0,0,0
conversation with spoonbill,3,50,0,0,0,0
Nu debout,3,689600,1,0,0,0
ramana,3,9600,0,1,0,0.1
Captives,3,779200,1,1,0,0.05
Intruder,3,20,0,0,0,0
Midsummer Night,3,650,0,1,0,0
Waiting for the rain,3,100,0,0,0,0
Flor,3,800,0,0,0,0
Red Irises,3,2500,0,0,0,0
celestial,3,1900,0,1,0,0.1
Amazing land,3,89,0,0,0,0
Lotus Rising,3,14400,0,1,0,0
Mandala No3,3,1500,0,1,0,0
Quality Material,3,4408000,1,0,0,0
It is my thing this Evening,3,4500,0,0,0,0
Untitled - P137,3,1810276,1,0,0,0
Canada Two Toronto,3,8550,0,0,0,0
Night,3,1384000,1,1,0,0
"Untitled (Monsieur Francois Pinault, President du Groupe Artemis)",3,240000,1,1,0,0
Head and Bottle,3,6536000,1,1,0,0.05
Keep Me Safe,3,119556,1,0,0,0
Mouth #2,3,2168000,1,1,0,0.1
M-39,3,96000,1,1,0,0.05
Armenian Question,3,288000,1,0,0,0
Lip-biter,3,384000,1,1,0,0.05
Elemental 11,3,675,0,1,0,0
Interval Series apolyo,3,9000,0,1,0,0
Galloping Horse Blur,3,1200,0,0,0,0
Squirrel Hole,3,85,0,0,0,0
Red Scarf,3,54000,1,1,0,0
Prelude,3,7500,0,1,0,0.1
Asleep,3,2500,0,1,0,0
muse 18,3,3750,0,0,0,0
scarlet,3,4000,0,1,0,0.1
Sinking Ship,3,902564,1,1,0,0
The town sonnets,3,950,0,1,0,0
The girl in red,3,950,0,0,0,0
Hotel Window,3,26896000,1,1,0,0.85
Botticelli e Filippino,3,7000,0,1,0,0.2
Ericksons,3,10344000,1,1,0,0.25
BLUE SELLY 2,3,3200,0,1,0,0
Censorship,3,7500,0,1,0,0.75
You are beautiful,3,2800,0,1,0,0
HOW MUCH,3,25,0,1,0,0
Chorus,3,4800,0,1,0,0
Morning,3,1100,0,0,0,0
Moth,3,747825,1,1,0,0.4
Green Dress In Blue Space,3,4500,0,1,0,0
Falling Figure with Bird,3,1248000,1,1,0,0.1
Those Who Are Here Again,3,824000,1,1,0,0.25
Camel Driver,3,4500,0,0,0,0
Portrait-2,3,950,0,1,0,0
1304,3,6000,0,1,0,0.1
sleepy land,3,65,0,0,0,0
THE 10th MILKY WAY 5th CONSTELLATION GALAXY OF TUUNES,3,8000,0,0,0,0
Mapping the Soul,3,35,0,0,0,0
Bobs World,3,822400,1,1,0,0.1
Recompensa,3,980,0,1,0,0.03
High Society,3,968000,1,1,0,0.25
Jasmine,3,4200,0,1,0,0.25
A Question of Balance,3,950,0,2,1,0.15
Panic,3,75,0,0,0,0
under the sun,3,4800,0,1,0,0.12
abstract66,3,7500,0,1,0,0.15
White line melody,3,850,0,1,0,0
Lavender Mist,3,420000,1,1,0,0.1
Figure 4,3,17400000,1,1,0,0
Sharp Angle,3,350,0,0,0,0
Colorado River,3,192000,1,1,0,0
structure I,3,50,0,1,0,0
Self-Portrait as Goofy-Foot,3,744000,1,1,0,0.04
tree of life,3,9000,0,1,0,0
Flannan,3,936000,1,1,0,0
Calvary,3,850,0,1,0,0
RED CHANGER,3,9100,0,1,0,0.05
Samurai,3,85,0,1,0,0
Standing Male Nude in the Shower,3,1160000,1,1,0,0.1
Folly,3,1200,0,1,0,0.15
a place,3,60,0,1,0,0
Nude Aqua,3,70,0,1,0,0
Bruce Bernard,3,119556,1,1,0,0.1
Yellow spin,3,6000,0,1,0,0
dance in the living room,3,8000,0,1,0,0.02
Birdie View II,3,1625,0,1,0,0
Rhythmic Structure,3,4500,0,1,0,0
Dilusion,3,750,0,1,0,0
On The Couch,4,700,0,0,0,0.02
conversation with spoonbill,4,50,0,0,0,0.05
Nu debout,4,689600,1,2,1,0.8
ramana,4,9600,0,0,0,0.15
Captives,4,779200,1,0,0,0.02
Intruder,4,20,0,0,0,0
Midsummer Night,4,650,0,0,0,0
Waiting for the rain,4,100,0,0,0,0
Flor,4,800,0,1,0,0.05
Red Irises,4,2500,0,1,0,0.05
celestial,4,1900,0,1,0,0.45
Amazing land,4,89,0,0,0,0
Lotus Rising,4,14400,0,1,0,0.1
Mandala No3,4,1500,0,1,0,0.1
Quality Material,4,4408000,1,1,0,0.5
It is my thing this Evening,4,4500,0,0,0,0.15
Untitled - P137,4,1810276,1,1,0,0.6
Canada Two Toronto,4,8550,0,0,0,0.01
Night,4,1384000,1,2,1,0.95
"Untitled (Monsieur Francois Pinault, President du Groupe Artemis)",4,240000,1,1,0,0.4
Head and Bottle,4,6536000,1,1,0,0.06
Keep Me Safe,4,119556,1,1,0,0.35
Mouth #2,4,2168000,1,1,0,0.24
M-39,4,96000,1,1,0,0.6
Armenian Question,4,288000,1,1,0,0.15
Lip-biter,4,384000,1,2,1,0.6
Elemental 11,4,675,0,1,0,0.2
Interval Series apolyo,4,9000,0,1,0,0.17
Galloping Horse Blur,4,1200,0,0,0,0
Squirrel Hole,4,85,0,1,0,0.12
Red Scarf,4,54000,1,1,0,0.2
Prelude,4,7500,0,1,0,0.07
Asleep,4,2500,0,1,0,0.07
muse 18,4,3750,0,1,0,0.1
scarlet,4,4000,0,1,0,0.1
Sinking Ship,4,902564,1,1,0,0.14
The town sonnets,4,950,0,1,0,0.2
The girl in red,4,950,0,2,1,0.8
Hotel Window,4,26896000,1,3,1,0.95
Botticelli e Filippino,4,7000,0,1,0,0.6
Ericksons,4,10344000,1,3,1,1
BLUE SELLY 2,4,3200,0,0,0,0.07
Censorship,4,7500,0,2,1,0.85
You are beautiful,4,2800,0,1,0,0.5
Portrait of the Artist and His Friends,4,2618925,1,1,0,0.02
HOW MUCH,4,25,0,1,0,0.2
Chorus,4,4800,0,1,0,0.2
Tender Nurse,4,2256000,1,1,0,0.15
Morning,4,1100,0,1,0,0.2
Moth,4,747825,1,3,1,0.99
Green Dress In Blue Space,4,4500,0,1,0,0.12
Falling Figure with Bird,4,1248000,1,1,0,0.25
Those Who Are Here Again,4,824000,1,1,0,0.07
Camel Driver,4,4500,0,1,0,0.07
Portrait-2,4,950,0,1,0,0.2
1304,4,6000,0,1,0,0.55
sleepy land,4,65,0,0,0,0.03
THE 10th MILKY WAY 5th CONSTELLATION GALAXY OF TUUNES,4,8000,0,1,0,0.2
Mapping the Soul,4,35,0,0,0,0
Bobs World,4,822400,1,1,0,0.15
Recompensa,4,980,0,1,0,0.15
High Society,4,968000,1,2,1,0.6
Jasmine,4,4200,0,1,0,0.2
A Question of Balance,4,950,0,1,0,0.1
Panic,4,75,0,0,0,0
under the sun,4,4800,0,1,0,0.02
abstract66,4,7500,0,0,0,0.07
White line melody,4,850,0,1,0,0.04
Lavender Mist,4,420000,1,3,1,1
Figure 4,4,17400000,1,3,1,0.6
Sharp Angle,4,350,0,0,0,0
Colorado River,4,192000,1,1,0,0.06
structure I,4,50,0,1,0,0.2
Self-Portrait as Goofy-Foot,4,744000,1,0,0,0
tree of life,4,9000,0,1,0,0.1
Flannan,4,936000,1,3,1,0.7
Calvary,4,850,0,0,0,0
RED CHANGER,4,9100,0,2,1,0.3
Samurai,4,85,0,1,0,0
Standing Male Nude in the Shower,4,1160000,1,2,1,0.9
Folly,4,1200,0,1,0,0.35
a place,4,60,0,0,0,0
Nude Aqua,4,70,0,0,0,0
Bruce Bernard,4,119556,1,3,1,1
Yellow spin,4,6000,0,2,1,0.95
The still life with the flowers,4,650,0,1,0,0.4
dance in the living room,4,8000,0,0,0,0
Birdie View II,4,1625,0,1,0,0.16
Rhythmic Structure,4,4500,0,1,0,0.5
Dilusion,4,750,0,0,0,0.02
On The Couch,5,700,0,1,0,0.4
Nu debout,5,689600,1,0,0,0.1
ramana,5,9600,0,1,0,0.1
Captives,5,779200,1,2,1,0.5
Intruder,5,20,0,2,1,0.5
Midsummer Night,5,650,0,2,1,0.5
Flor,5,800,0,1,0,0.2
Red Irises,5,2500,0,1,0,0.1
celestial,5,1900,0,1,0,0.05
Amazing land,5,89,0,2,1,0.5
Lotus Rising,5,14400,0,1,0,0.1
Mandala No3,5,1500,0,1,0,0.5
Quality Material,5,4408000,1,0,0,0.01
It is my thing this Evening,5,4500,0,1,0,0.01
Untitled - P137,5,1810276,1,1,0,0.01
Canada Two Toronto,5,8550,0,1,0,0.01
Night,5,1384000,1,1,0,0.05
"Untitled (Monsieur Francois Pinault, President du Groupe Artemis)",5,240000,1,1,0,0.01
Head and Bottle,5,6536000,1,1,0,0.01
Keep Me Safe,5,119556,1,2,1,0.01
Mouth #2,5,2168000,1,2,1,0.25
M-39,5,96000,1,1,0,0.01
Armenian Question,5,288000,1,1,0,0.01
Elemental 11,5,675,0,1,0,0.1
Interval Series apolyo,5,9000,0,1,0,0.01
Galloping Horse Blur,5,1200,0,0,0,0.01
Squirrel Hole,5,85,0,0,0,0.01
Red Scarf,5,54000,1,1,0,0.01
Prelude,5,7500,0,1,0,0.01
Asleep,5,2500,0,2,1,0.5
muse 18,5,3750,0,2,1,0.5
scarlet,5,4000,0,1,0,0.5
Sinking Ship,5,902564,1,2,1,0.25
The town sonnets,5,950,0,3,1,0.75
The girl in red,5,950,0,1,0,0.2
Hotel Window,5,26896000,1,3,1,0.9
Botticelli e Filippino,5,7000,0,2,1,0.75
Ericksons,5,10344000,1,2,1,0.9
BLUE SELLY 2,5,3200,0,1,0,0.1
Censorship,5,7500,0,2,1,0.5
You are beautiful,5,2800,0,2,1,0.6
Portrait of the Artist and His Friends,5,2618925,1,1,0,0.5
HOW MUCH,5,25,0,1,0,0.5
Chorus,5,4800,0,2,1,0.5
Tender Nurse,5,2256000,1,1,0,0.1
Morning,5,1100,0,2,1,0.7
Moth,5,747825,1,2,1,0.5
Green Dress In Blue Space,5,4500,0,1,0,0.01
Falling Figure with Bird,5,1248000,1,2,1,0.5
Those Who Are Here Again,5,824000,1,1,0,0.1
Camel Driver,5,4500,0,1,0,0.2
Portrait-2,5,950,0,2,1,0.6
1304,5,6000,0,0,0,0.2
sleepy land,5,65,0,1,0,0.01
THE 10th MILKY WAY 5th CONSTELLATION GALAXY OF TUUNES,5,8000,0,1,0,0.01
Mapping the Soul,5,35,0,1,0,0.01
Bobs World,5,822400,1,1,0,0.2
Recompensa,5,980,0,1,0,0.1
High Society,5,968000,1,1,0,0.1
Jasmine,5,4200,0,1,0,0.1
A Question of Balance,5,950,0,1,0,0.01
Panic,5,75,0,1,0,0.2
under the sun,5,4800,0,2,1,0.25
abstract66,5,7500,0,0,0,0.01
White line melody,5,850,0,1,0,0.1
Lavender Mist,5,420000,1,1,0,0.1
Figure 4,5,17400000,1,1,0,0.1
Sharp Angle,5,350,0,2,1,0.1
Colorado River,5,192000,1,0,0,0.01
structure I,5,50,0,1,0,0.1
Self-Portrait as Goofy-Foot,5,744000,1,2,1,0.1
tree of life,5,9000,0,2,1,0.1
Flannan,5,936000,1,2,1,0.15
Calvary,5,850,0,1,0,0.01
RED CHANGER,5,9100,0,1,0,0.01
Samurai,5,85,0,2,1,0.5
Standing Male Nude in the Shower,5,1160000,1,1,0,0.1
Folly,5,1200,0,1,0,0.1
a place,5,60,0,1,0,0.1
Nude Aqua,5,70,0,1,0,0.1
Bruce Bernard,5,119556,1,2,1,0.6
Yellow spin,5,6000,0,1,0,0.15
The still life with the flowers,5,650,0,1,0,0.1
dance in the living room,5,8000,0,1,0,0.01
Birdie View II,5,1625,0,2,1,0.5
Rhythmic Structure,5,4500,0,2,1,0.2
Dilusion,5,750,0,3,1,0.5
On The Couch,6,700,0,0,0,0.1
conversation with spoonbill,6,50,0,0,0,0
Nu debout,6,689600,1,0,0,0
ramana,6,9600,0,0,0,0.05
Captives,6,779200,1,1,0,0.3
Intruder,6,20,0,0,0,0
Midsummer Night,6,650,0,0,0,0.1
Waiting for the rain,6,100,0,1,0,0.15
Flor,6,800,0,0,0,0.1
Red Irises,6,2500,0,1,0,0.2
celestial,6,1900,0,1,0,0.1
Amazing land,6,89,0,0,0,0
Lotus Rising,6,14400,0,0,0,0.1
Mandala No3,6,1500,0,0,0,0.05
Quality Material,6,4408000,1,1,0,0.1
It is my thing this Evening,6,4500,0,1,0,0.3
Untitled - P137,6,1810276,1,1,0,0.05
Canada Two Toronto,6,8550,0,1,0,0.5
Night,6,1384000,1,1,0,0.15
"Untitled (Monsieur Francois Pinault, President du Groupe Artemis)",6,240000,1,0,0,0.05
Head and Bottle,6,6536000,1,0,0,0
Keep Me Safe,6,119556,1,1,0,0.1
Mouth #2,6,2168000,1,1,0,0.5
M-39,6,96000,1,1,0,0.25
Armenian Question,6,288000,1,1,0,0.2
Lip-biter,6,384000,1,2,1,0.45
Elemental 11,6,675,0,1,0,0.35
Interval Series apolyo,6,9000,0,1,0,0.3
Galloping Horse Blur,6,1200,0,0,0,0
Squirrel Hole,6,85,0,2,1,0.4
Red Scarf,6,54000,1,1,0,0.15
Prelude,6,7500,0,1,0,0.2
Asleep,6,2500,0,1,0,0.35
muse 18,6,3750,0,1,0,0.2
scarlet,6,4000,0,1,0,0.3
Sinking Ship,6,902564,1,1,0,0.2
The town sonnets,6,950,0,1,0,0.15
The girl in red,6,950,0,1,0,0.15
Hotel Window,6,26896000,1,2,1,0.9
Botticelli e Filippino,6,7000,0,2,1,0.65
Ericksons,6,10344000,1,3,1,0.8
BLUE SELLY 2,6,3200,0,1,0,0.15
Censorship,6,7500,0,2,1,0.75
You are beautiful,6,2800,0,1,0,0.3
Portrait of the Artist and His Friends,6,2618925,1,1,0,0.5
HOW MUCH,6,25,0,1,0,0.25
Chorus,6,4800,0,1,0,0.2
Tender Nurse,6,2256000,1,1,0,0.1
Morning,6,1100,0,1,0,0.3
Moth,6,747825,1,0,0,0.1
Green Dress In Blue Space,6,4500,0,1,0,0.25
Falling Figure with Bird,6,1248000,1,1,0,0.1
Those Who Are Here Again,6,824000,1,0,0,0.05
Camel Driver,6,4500,0,1,0,0.15
Portrait-2,6,950,0,1,0,0.25
1304,6,6000,0,1,0,0.35
sleepy land,6,65,0,0,0,0.05
THE 10th MILKY WAY 5th CONSTELLATION GALAXY OF TUUNES,6,8000,0,1,0,0.15
Mapping the Soul,6,35,0,1,0,0.1
Bobs World,6,822400,1,1,0,0.25
Recompensa,6,980,0,1,0,0.15
High Society,6,968000,1,1,0,0.2
Jasmine,6,4200,0,1,0,0.15
A Question of Balance,6,950,0,1,0,0.2
Panic,6,75,0,0,0,0.05
under the sun,6,4800,0,2,1,0.65
abstract66,6,7500,0,1,0,0.25
White line melody,6,850,0,1,0,0.15
Lavender Mist,6,420000,1,1,0,0.2
Figure 4,6,17400000,1,1,0,0.2
Sharp Angle,6,350,0,1,0,0.25
Colorado River,6,192000,1,1,0,0.15
structure I,6,50,0,1,0,0.2
Self-Portrait as Goofy-Foot,6,744000,1,0,0,0.1
tree of life,6,9000,0,0,0,0.1
Flannan,6,936000,1,1,0,0.35
Calvary,6,850,0,0,0,0.05
RED CHANGER,6,9100,0,1,0,0.25
Samurai,6,85,0,1,0,0.2
Standing Male Nude in the Shower,6,1160000,1,1,0,0.1
Folly,6,1200,0,2,1,0.5
a place,6,60,0,2,1,0.45
Nude Aqua,6,70,0,1,0,0.15
Bruce Bernard,6,119556,1,1,0,0.35
Yellow spin,6,6000,0,1,0,0.4
The still life with the flowers,6,650,0,2,1,0.45
dance in the living room,6,8000,0,1,0,0.2
Birdie View II,6,1625,0,1,0,0.15
Rhythmic Structure,6,4500,0,1,0,0.35
On The Couch,7,700,0,1,0,0.2
conversation with spoonbill,7,50,0,1,0,0.5
Nu debout,7,689600,1,2,1,1
ramana,7,9600,0,1,0,0.2
Captives,7,779200,1,1,0,0.2
Intruder,7,20,0,1,0,0.1
Midsummer Night,7,650,0,1,0,0.1
Waiting for the rain,7,100,0,1,0,0
Flor,7,800,0,1,0,0
Red Irises,7,2500,0,1,0,0.05
celestial,7,1900,0,1,0,0.2
Amazing land,7,89,0,1,0,0.01
Lotus Rising,7,14400,0,1,0,0.1
Mandala No3,7,1500,0,1,0,0.1
Quality Material,7,4408000,1,2,1,0.7
It is my thing this Evening,7,4500,0,0,0,0
Untitled - P137,7,1810276,1,2,1,0.2
Canada Two Toronto,7,8550,0,1,0,0.01
Night,7,1384000,1,2,1,0.7
"Untitled (Monsieur Francois Pinault, President du Groupe Artemis)",7,240000,1,1,0,0
Head and Bottle,7,6536000,1,3,1,1
Keep Me Safe,7,119556,1,2,1,0.8
Mouth #2,7,2168000,1,2,1,0.3
M-39,7,96000,1,2,1,0.6
Armenian Question,7,288000,1,1,0,0.2
Lip-biter,7,384000,1,2,1,0.4
Elemental 11,7,675,0,1,0,0.1
Interval Series apolyo,7,9000,0,2,1,0.4
Galloping Horse Blur,7,1200,0,1,0,0.1
Squirrel Hole,7,85,0,1,0,0
Red Scarf,7,54000,1,2,1,0.15
Prelude,7,7500,0,1,0,0.1
Asleep,7,2500,0,2,1,0.2
muse 18,7,3750,0,1,0,0.1
scarlet,7,4000,0,2,1,0.2
Sinking Ship,7,902564,1,1,0,0.2
The town sonnets,7,950,0,1,0,0.1
The girl in red,7,950,0,1,0,0.3
Hotel Window,7,26896000,1,3,1,1
Botticelli e Filippino,7,7000,0,1,0,0.1
Ericksons,7,10344000,1,2,1,0.6
BLUE SELLY 2,7,3200,0,1,0,0.1
Censorship,7,7500,0,1,0,0.1
You are beautiful,7,2800,0,1,0,0.15
Portrait of the Artist and His Friends,7,2618925,1,3,1,0.6
HOW MUCH,7,25,0,1,0,0.4
Chorus,7,4800,0,2,1,0.4
Tender Nurse,7,2256000,1,3,1,1
Morning,7,1100,0,1,0,0.1
Moth,7,747825,1,2,1,0.8
Green Dress In Blue Space,7,4500,0,1,0,0.1
Falling Figure with Bird,7,1248000,1,2,1,0.6
Those Who Are Here Again,7,824000,1,1,0,0.2
Camel Driver,7,4500,0,1,0,0.1
Portrait-2,7,950,0,1,0,0.2
1304,7,6000,0,1,0,0.4
sleepy land,7,65,0,1,0,0.1
THE 10th MILKY WAY 5th CONSTELLATION GALAXY OF TUUNES,7,8000,0,0,0,0
Mapping the Soul,7,35,0,0,0,0
Bobs World,7,822400,1,2,1,0.8
Recompensa,7,980,0,2,1,0.6
High Society,7,968000,1,2,1,0.8
Jasmine,7,4200,0,1,0,0.1
A Question of Balance,7,950,0,1,0,0.1
Panic,7,75,0,0,0,0
under the sun,7,4800,0,2,1,0.2
abstract66,7,7500,0,2,1,0.1
White line melody,7,850,0,2,1,0.4
Lavender Mist,7,420000,1,3,1,1
Figure 4,7,17400000,1,3,1,1
Sharp Angle,7,350,0,1,0,0.01
Colorado River,7,192000,1,2,1,0.2
structure I,7,50,0,1,0,0.1
Self-Portrait as Goofy-Foot,7,744000,1,1,0,0.05
tree of life,7,9000,0,1,0,0.05
Flannan,7,936000,1,2,1,0.8
Calvary,7,850,0,1,0,0.05
RED CHANGER,7,9100,0,2,1,0.2
Samurai,7,85,0,1,0,0.6
Standing Male Nude in the Shower,7,1160000,1,1,0,0.1
Folly,7,1200,0,1,0,0.05
a place,7,60,0,1,0,0.05
Nude Aqua,7,70,0,1,0,0.02
Bruce Bernard,7,119556,1,3,1,1
Yellow spin,7,6000,0,1,0,0.02
The still life with the flowers,7,650,0,1,0,0.03
dance in the living room,7,8000,0,1,0,0.02
Birdie View II,7,1625,0,1,0,0.05
Rhythmic Structure,7,4500,0,3,1,0.9
Dilusion,7,750,0,1,0,0.03
On The Couch,8,700,0,1,0,0.2
conversation with spoonbill,8,50,0,0,0,0
Nu debout,8,689600,1,0,0,0
ramana,8,9600,0,1,0,0
Captives,8,779200,1,1,0,0
Intruder,8,20,0,1,0,0.1
Midsummer Night,8,650,0,0,0,0
Waiting for the rain,8,100,0,0,0,0
Flor,8,800,0,1,0,0
Red Irises,8,2500,0,1,0,0.1
celestial,8,1900,0,1,0,0.1
Amazing land,8,89,0,0,0,0
Lotus Rising,8,14400,0,0,0,0
Mandala No3,8,1500,0,0,0,0
Quality Material,8,4408000,1,0,0,0
It is my thing this Evening,8,4500,0,0,0,0
Untitled - P137,8,1810276,1,0,0,0
Canada Two Toronto,8,8550,0,0,0,0
Night,8,1384000,1,0,0,0
"Untitled (Monsieur Francois Pinault, President du Groupe Artemis)",8,240000,1,0,0,0
Head and Bottle,8,6536000,1,1,0,0.1
Keep Me Safe,8,119556,1,0,0,0
Mouth #2,8,2168000,1,0,0,0
M-39,8,96000,1,0,0,0
Armenian Question,8,288000,1,1,0,0
Lip-biter,8,384000,1,1,0,0.05
Elemental 11,8,675,0,1,0,0.02
Interval Series apolyo,8,9000,0,0,0,0.05
Galloping Horse Blur,8,1200,0,0,0,0
Squirrel Hole,8,85,0,0,0,0
Red Scarf,8,54000,1,1,0,0.1
Prelude,8,7500,0,1,0,0.1
Asleep,8,2500,0,1,0,0
muse 18,8,3750,0,1,0,0.1
scarlet,8,4000,0,1,0,0.1
Sinking Ship,8,902564,1,1,0,0
The town sonnets,8,950,0,1,0,0
The girl in red,8,950,0,1,0,0
Hotel Window,8,26896000,1,3,1,1
Botticelli e Filippino,8,7000,0,2,1,0.5
Ericksons,8,10344000,1,3,1,1
BLUE SELLY 2,8,3200,0,1,0,0.1
Censorship,8,7500,0,1,0,0
You are beautiful,8,2800,0,0,0,0
Portrait of the Artist and His Friends,8,2618925,1,2,1,0.4
HOW MUCH,8,25,0,0,0,0
Chorus,8,4800,0,1,0,0
Tender Nurse,8,2256000,1,0,0,0
Morning,8,1100,0,1,0,0
Moth,8,747825,1,1,0,0
Green Dress In Blue Space,8,4500,0,1,0,0
Falling Figure with Bird,8,1248000,1,0,0,0
Those Who Are Here Again,8,824000,1,0,0,0
Camel Driver,8,4500,0,1,0,0
Portrait-2,8,950,0,1,0,0
1304,8,6000,0,1,0,0
sleepy land,8,65,0,1,0,0
THE 10th MILKY WAY 5th CONSTELLATION GALAXY OF TUUNES,8,8000,0,1,0,0
Mapping the Soul,8,35,0,1,0,0
Bobs World,8,822400,1,1,0,0
Recompensa,8,980,0,1,0,0
High Society,8,968000,1,2,1,0.3
Jasmine,8,4200,0,1,0,0
A Question of Balance,8,950,0,1,0,0
Panic,8,75,0,1,0,0
under the sun,8,4800,0,1,0,0
abstract66,8,7500,0,2,1,0.5
White line melody,8,850,0,1,0,0.2
Lavender Mist,8,420000,1,2,1,0.5
Figure 4,8,17400000,1,1,0,0.1
Sharp Angle,8,350,0,1,0,0
Colorado River,8,192000,1,1,0,0
structure I,8,50,0,1,0,0
Self-Portrait as Goofy-Foot,8,744000,1,1,0,0
tree of life,8,9000,0,1,0,0
Flannan,8,936000,1,1,0,0
Calvary,8,850,0,1,0,0
RED CHANGER,8,9100,0,1,0,0
Samurai,8,85,0,1,0,0
Standing Male Nude in the Shower,8,1160000,1,1,0,0
Folly,8,1200,0,1,0,0
a place,8,60,0,1,0,0
Nude Aqua,8,70,0,1,0,0
Bruce Bernard,8,119556,1,2,1,0.5
Yellow spin,8,6000,0,1,0,0
The still life with the flowers,8,650,0,1,0,0
dance in the living room,8,8000,0,1,0,0
Birdie View II,8,1625,0,1,0,0
Rhythmic Structure,8,4500,0,1,0,0
Dilusion,8,750,0,2,1,0.1
On The Couch,9,700,0,1,0,0.1
conversation with spoonbill,9,50,0,0,0,0.05
Nu debout,9,689600,1,1,0,0.3
ramana,9,9600,0,1,0,0.2
Captives,9,779200,1,1,0,0.15
Intruder,9,20,0,0,0,0.05
Midsummer Night,9,650,0,1,0,0.1
Waiting for the rain,9,100,0,1,0,0.1
Flor,9,800,0,1,0,0.2
Red Irises,9,2500,0,1,0,0.1
celestial,9,1900,0,2,1,0.4
Amazing land,9,89,0,0,0,0.05
Lotus Rising,9,14400,0,1,0,0.1
Mandala No3,9,1500,0,1,0,0.05
Quality Material,9,4408000,1,2,1,0.5
It is my thing this Evening,9,4500,0,1,0,0.2
Untitled - P137,9,1810276,1,2,1,0.5
Canada Two Toronto,9,8550,0,1,0,0.4
Night,9,1384000,1,2,1,0.7
"Untitled (Monsieur Francois Pinault, President du Groupe Artemis)",9,240000,1,1,0,0.25
Head and Bottle,9,6536000,1,3,1,0.75
Keep Me Safe,9,119556,1,2,1,0.4
Mouth #2,9,2168000,1,2,1,0.3
M-39,9,96000,1,1,0,0.25
Armenian Question,9,288000,1,1,0,0.2
Lip-biter,9,384000,1,2,1,0.5
Elemental 11,9,675,0,1,0,0.25
Interval Series apolyo,9,9000,0,2,1,0.4
Galloping Horse Blur,9,1200,0,1,0,0.15
Squirrel Hole,9,85,0,1,0,0.15
Red Scarf,9,54000,1,2,1,0.3
Prelude,9,7500,0,1,0,0.3
Asleep,9,2500,0,1,0,0.2
muse 18,9,3750,0,1,0,0.15
scarlet,9,4000,0,1,0,0.3
Sinking Ship,9,902564,1,1,0,0.2
The town sonnets,9,950,0,1,0,0.2
The girl in red,9,950,0,1,0,0.15
Hotel Window,9,26896000,1,3,1,0.6
Botticelli e Filippino,9,7000,0,1,0,0.2
Ericksons,9,10344000,1,2,1,0.5
BLUE SELLY 2,9,3200,0,1,0,0.25
Censorship,9,7500,0,2,1,0.4
You are beautiful,9,2800,0,1,0,0.2
Portrait of the Artist and His Friends,9,2618925,1,1,0,0.15
HOW MUCH,9,25,0,1,0,0.15
Chorus,9,4800,0,1,0,0.2
Tender Nurse,9,2256000,1,2,1,0.3
Morning,9,1100,0,1,0,0.2
Moth,9,747825,1,1,0,0.15
Green Dress In Blue Space,9,4500,0,1,0,0.1
Falling Figure with Bird,9,1248000,1,2,1,0.3
Those Who Are Here Again,9,824000,1,1,0,0.15
Camel Driver,9,4500,0,1,0,0.1
Portrait-2,9,950,0,1,0,0.1
1304,9,6000,0,2,1,0.4
sleepy land,9,65,0,1,0,0.1
THE 10th MILKY WAY 5th CONSTELLATION GALAXY OF TUUNES,9,8000,0,1,0,0.1
Mapping the Soul,9,35,0,1,0,0.05
Bobs World,9,822400,1,3,1,0.6
Recompensa,9,980,0,2,1,0.4
High Society,9,968000,1,2,1,0.4
Jasmine,9,4200,0,1,0,0.2
A Question of Balance,9,950,0,1,0,0.2
Panic,9,75,0,1,0,0.2
under the sun,9,4800,0,2,1,0.4
abstract66,9,7500,0,1,0,0.15
White line melody,9,850,0,1,0,0.25
Lavender Mist,9,420000,1,2,1,0.25
Figure 4,9,17400000,1,3,1,0.65
Sharp Angle,9,350,0,1,0,0.15
Colorado River,9,192000,1,2,1,0.3
structure I,9,50,0,1,0,0.2
Self-Portrait as Goofy-Foot,9,744000,1,1,0,0.2
tree of life,9,9000,0,1,0,0.15
Flannan,9,936000,1,2,1,0.4
Calvary,9,850,0,1,0,0.2
RED CHANGER,9,9100,0,2,1,0.3
Samurai,9,85,0,1,0,0.2
Standing Male Nude in the Shower,9,1160000,1,1,0,0.2
Folly,9,1200,0,1,0,0.15
a place,9,60,0,1,0,0.1
Nude Aqua,9,70,0,1,0,0.15
Bruce Bernard,9,119556,1,2,1,0.4
Yellow spin,9,6000,0,1,0,0.2
The still life with the flowers,9,650,0,1,0,0.2
dance in the living room,9,8000,0,1,0,0.2
Birdie View II,9,1625,0,1,0,0.2
Rhythmic Structure,9,4500,0,2,1,0.4
Dilusion,9,750,0,1,0,0.1
On The Couch,10,700,0,0,0,0
conversation with spoonbill,10,50,0,0,0,0
Nu debout,10,689600,1,0,0,0
ramana,10,9600,0,0,0,0
Captives,10,779200,1,0,0,0
Intruder,10,20,0,0,0,0
Midsummer Night,10,650,0,0,0,0
Waiting for the rain,10,100,0,0,0,0
Flor,10,800,0,0,0,0
Red Irises,10,2500,0,0,0,0
celestial,10,1900,0,0,0,0
Amazing land,10,89,0,0,0,0
Lotus Rising,10,14400,0,0,0,0
Mandala No3,10,1500,0,0,0,0
Quality Material,10,4408000,1,0,0,0
It is my thing this Evening,10,4500,0,0,0,0
Untitled - P137,10,1810276,1,0,0,0
Canada Two Toronto,10,8550,0,0,0,0
Night,10,1384000,1,0,0,0
"Untitled (Monsieur Francois Pinault, President du Groupe Artemis)",10,240000,1,0,0,0
Head and Bottle,10,6536000,1,0,0,0
Keep Me Safe,10,119556,1,0,0,0
Mouth #2,10,2168000,1,0,0,0
M-39,10,96000,1,0,0,0
Armenian Question,10,288000,1,0,0,0
Lip-biter,10,384000,1,0,0,0
Elemental 11,10,675,0,0,0,0
Interval Series apolyo,10,9000,0,0,0,0
Galloping Horse Blur,10,1200,0,0,0,0
Squirrel Hole,10,85,0,0,0,0
Red Scarf,10,54000,1,0,0,0
Prelude,10,7500,0,0,0,0
Asleep,10,2500,0,0,0,0
muse 18,10,3750,0,0,0,0
scarlet,10,4000,0,0,0,0
Sinking Ship,10,902564,1,0,0,0
The town sonnets,10,950,0,0,0,0
The girl in red,10,950,0,0,0,0
Hotel Window,10,26896000,1,0,0,0
Botticelli e Filippino,10,7000,0,0,0,0
Ericksons,10,10344000,1,0,0,0
BLUE SELLY 2,10,3200,0,0,0,0
Censorship,10,7500,0,0,0,0
You are beautiful,10,2800,0,0,0,0
Portrait of the Artist and His Friends,10,2618925,1,0,0,0
HOW MUCH,10,25,0,0,0,0
Chorus,10,4800,0,0,0,0
Tender Nurse,10,2256000,1,0,0,0
Morning,10,1100,0,0,0,0
Moth,10,747825,1,0,0,0
Green Dress In Blue Space,10,4500,0,0,0,0
Falling Figure with Bird,10,1248000,1,0,0,0
Those Who Are Here Again,10,824000,1,0,0,0
Camel Driver,10,4500,0,1,0,0
Portrait-2,10,950,0,1,0,0
1304,10,6000,0,0,0,0
sleepy land,10,65,0,1,0,0
THE 10th MILKY WAY 5th CONSTELLATION GALAXY OF TUUNES,10,8000,0,1,0,0
Mapping the Soul,10,35,0,0,0,0
Bobs World,10,822400,1,0,0,0
Recompensa,10,980,0,0,0,0
High Society,10,968000,1,0,0,0
Jasmine,10,4200,0,0,0,0
A Question of Balance,10,950,0,0,0,0
Panic,10,75,0,0,0,0
under the sun,10,4800,0,0,0,0
abstract66,10,7500,0,0,0,0
White line melody,10,850,0,0,0,0
Lavender Mist,10,420000,1,0,0,0
Figure 4,10,17400000,1,0,0,0
Sharp Angle,10,350,0,0,0,0
Colorado River,10,192000,1,0,0,0
structure I,10,50,0,0,0,0
Self-Portrait as Goofy-Foot,10,744000,1,0,0,0
tree of life,10,9000,0,0,0,0
Flannan,10,936000,1,0,0,0
Calvary,10,850,0,0,0,0
RED CHANGER,10,9100,0,0,0,0
Samurai,10,85,0,0,0,0
Standing Male Nude in the Shower,10,1160000,1,0,0,0
Folly,10,1200,0,0,0,0
a place,10,60,0,0,0,0
Nude Aqua,10,70,0,0,0,0
Bruce Bernard,10,119556,1,0,0,0
Yellow spin,10,6000,0,0,0,0
The still life with the flowers,10,650,0,0,0,0
dance in the living room,10,8000,0,0,0,0
Birdie View II,10,1625,0,0,0,0
Rhythmic Structure,10,4500,0,0,0,0
Dilusion,10,750,0,0,0,0
On The Couch,11,700,0,1,0,0.75
conversation with spoonbill,11,50,0,2,1,0.6
Nu debout,11,689600,1,2,1,0.7
ramana,11,9600,0,1,0,0.7
Captives,11,779200,1,1,0,0.15
Intruder,11,20,0,0,0,0
Midsummer Night,11,650,0,1,0,0.3
Waiting for the rain,11,100,0,1,0,0.2
Flor,11,800,0,1,0,0.2
Red Irises,11,2500,0,1,0,0.35
celestial,11,1900,0,1,0,0.2
Amazing land,11,89,0,0,0,0
Lotus Rising,11,14400,0,1,0,0.15
Mandala No3,11,1500,0,1,0,0.2
Quality Material,11,4408000,1,0,0,0
It is my thing this Evening,11,4500,0,1,0,0.1
Untitled - P137,11,1810276,1,0,0,0
Canada Two Toronto,11,8550,0,1,0,0.1
Night,11,1384000,1,1,0,0.2
"Untitled (Monsieur Francois Pinault, President du Groupe Artemis)",11,240000,1,0,0,0
Head and Bottle,11,6536000,1,1,0,0.1
Keep Me Safe,11,119556,1,0,0,0
Mouth #2,11,2168000,1,1,0,0.2
M-39,11,96000,1,0,0,0.05
Armenian Question,11,288000,1,1,0,0.05
Lip-biter,11,384000,1,1,0,0.3
Elemental 11,11,675,0,1,0,0.3
Interval Series apolyo,11,9000,0,1,0,0.4
Galloping Horse Blur,11,1200,0,0,0,0
Squirrel Hole,11,85,0,1,0,0.25
Red Scarf,11,54000,1,1,0,0.05
Prelude,11,7500,0,1,0,0.05
Asleep,11,2500,0,1,0,0.4
muse 18,11,3750,0,1,0,0.2
scarlet,11,4000,0,1,0,0.4
Sinking Ship,11,902564,1,1,0,0.3
The town sonnets,11,950,0,1,0,0.4
The girl in red,11,950,0,1,0,0.4
Hotel Window,11,26896000,1,1,0,0.4
Botticelli e Filippino,11,7000,0,1,0,0.1
Ericksons,11,10344000,1,1,0,0.2
BLUE SELLY 2,11,3200,0,2,1,0.8
Censorship,11,7500,0,1,0,0.3
You are beautiful,11,2800,0,1,0,0.2
Portrait of the Artist and His Friends,11,2618925,1,1,0,0.1
HOW MUCH,11,25,0,1,0,0.25
Chorus,11,4800,0,2,1,0.85
Tender Nurse,11,2256000,1,1,0,0.05
Morning,11,1100,0,1,0,0.4
Moth,11,747825,1,1,0,0.45
Green Dress In Blue Space,11,4500,0,1,0,0.5
Falling Figure with Bird,11,1248000,1,2,1,0.4
Those Who Are Here Again,11,824000,1,1,0,0.1
Camel Driver,11,4500,0,1,0,0.3
Portrait-2,11,950,0,1,0,0.3
1304,11,6000,0,1,0,0.1
sleepy land,11,65,0,1,0,0.1
THE 10th MILKY WAY 5th CONSTELLATION GALAXY OF TUUNES,11,8000,0,1,0,0.1
Mapping the Soul,11,35,0,1,0,0.1
Bobs World,11,822400,1,1,0,0.25
Recompensa,11,980,0,1,0,0.25
High Society,11,968000,1,1,0,0.25
Jasmine,11,4200,0,1,0,0.3
A Question of Balance,11,950,0,1,0,0.3
Panic,11,75,0,1,0,0.3
under the sun,11,4800,0,1,0,0.25
abstract66,11,7500,0,2,1,0.5
White line melody,11,850,0,1,0,0.2
Lavender Mist,11,420000,1,1,0,0.45
Figure 4,11,17400000,1,1,0,0.4
Sharp Angle,11,350,0,1,0,0.1
Colorado River,11,192000,1,1,0,0.2
structure I,11,50,0,1,0,0.1
Self-Portrait as Goofy-Foot,11,744000,1,1,0,0.1
tree of life,11,9000,0,1,0,0.45
Flannan,11,936000,1,1,0,0.4
Calvary,11,850,0,1,0,0.15
RED CHANGER,11,9100,0,2,1,0.2
Samurai,11,85,0,1,0,0.1
Standing Male Nude in the Shower,11,1160000,1,1,0,0.25
Folly,11,1200,0,1,0,0.1
a place,11,60,0,1,0,0.1
Nude Aqua,11,70,0,1,0,0.05
Bruce Bernard,11,119556,1,2,1,0.5
Yellow spin,11,6000,0,1,0,0.4
The still life with the flowers,11,650,0,1,0,0.4
dance in the living room,11,8000,0,1,0,0.3
Birdie View II,11,1625,0,1,0,0.25
Rhythmic Structure,11,4500,0,1,0,0.3
Dilusion,11,750,0,1,0,0.2
On The Couch,12,700,0,1,0,0.15
conversation with spoonbill,12,50,0,1,0,0.5
Nu debout,12,689600,1,0,0,0.05
ramana,12,9600,0,1,0,0.4
Captives,12,779200,1,2,1,0.6
Intruder,12,20,0,0,0,0
Midsummer Night,12,650,0,1,0,0.2
Waiting for the rain,12,100,0,0,0,0
Flor,12,800,0,0,0,0.5
Red Irises,12,2500,0,1,0,0
celestial,12,1900,0,2,1,1
Amazing land,12,89,0,1,0,0.1
Lotus Rising,12,14400,0,1,0,0.5
Mandala No3,12,1500,0,1,0,0.2
Quality Material,12,4408000,1,1,0,0.4
It is my thing this Evening,12,4500,0,1,0,0
Untitled - P137,12,1810276,1,1,0,0.4
Canada Two Toronto,12,8550,0,1,0,0
Night,12,1384000,1,1,0,0.2
"Untitled (Monsieur Francois Pinault, President du Groupe Artemis)",12,240000,1,2,1,0.8
Head and Bottle,12,6536000,1,1,0,0.4
Keep Me Safe,12,119556,1,2,1,0.9
Mouth #2,12,2168000,1,2,1,0.5
M-39,12,96000,1,1,0,0
Armenian Question,12,288000,1,1,0,0.2
Lip-biter,12,384000,1,2,1,0.5
Elemental 11,12,675,0,1,0,0
Interval Series apolyo,12,9000,0,1,0,0.1
Galloping Horse Blur,12,1200,0,1,0,0.1
Squirrel Hole,12,85,0,2,1,0.2
Red Scarf,12,54000,1,2,1,0.5
Prelude,12,7500,0,1,0,0
Asleep,12,2500,0,1,0,0.2
muse 18,12,3750,0,1,0,0.15
scarlet,12,4000,0,1,0,0.1
Sinking Ship,12,902564,1,1,0,0.1
The town sonnets,12,950,0,2,1,0.5
The girl in red,12,950,0,1,0,0
Hotel Window,12,26896000,1,2,1,0.8
Botticelli e Filippino,12,7000,0,1,0,0.4
Ericksons,12,10344000,1,1,0,0.1
BLUE SELLY 2,12,3200,0,1,0,0
Censorship,12,7500,0,2,1,0.6
You are beautiful,12,2800,0,1,0,0.15
Portrait of the Artist and His Friends,12,2618925,1,2,1,0.7
HOW MUCH,12,25,0,1,0,0
Chorus,12,4800,0,2,1,0.8
Tender Nurse,12,2256000,1,1,0,0
Morning,12,1100,0,1,0,0.15
Moth,12,747825,1,1,0,0.15
Green Dress In Blue Space,12,4500,0,1,0,0.2
Falling Figure with Bird,12,1248000,1,1,0,0.4
Those Who Are Here Again,12,824000,1,2,1,0.5
Camel Driver,12,4500,0,1,0,0.1
Portrait-2,12,950,0,2,1,0.25
1304,12,6000,0,2,1,0.65
sleepy land,12,65,0,1,0,0.2
THE 10th MILKY WAY 5th CONSTELLATION GALAXY OF TUUNES,12,8000,0,1,0,0.1
Mapping the Soul,12,35,0,2,1,0.6
Bobs World,12,822400,1,2,1,0.6
Recompensa,12,980,0,1,0,0.2
High Society,12,968000,1,2,1,0.5
Jasmine,12,4200,0,2,1,0.5
A Question of Balance,12,950,0,2,1,0.5
Panic,12,75,0,0,0,0
under the sun,12,4800,0,1,0,0.1
abstract66,12,7500,0,1,0,0.1
Lavender Mist,12,420000,1,2,1,1
Figure 4,12,17400000,1,2,1,0.5
Sharp Angle,12,350,0,1,0,0.15
Colorado River,12,192000,1,1,0,0.2
structure I,12,50,0,1,0,0
Self-Portrait as Goofy-Foot,12,744000,1,1,0,0.1
tree of life,12,9000,0,1,0,0.1
Flannan,12,936000,1,1,0,0.25
Calvary,12,850,0,1,0,0.2
RED CHANGER,12,9100,0,1,0,0.5
Samurai,12,85,0,1,0,0
Standing Male Nude in the Shower,12,1160000,1,2,1,0.6
Folly,12,1200,0,2,1,0.5
a place,12,60,0,1,0,0
Nude Aqua,12,70,0,2,1,0.25
Bruce Bernard,12,119556,1,2,1,0.5
Yellow spin,12,6000,0,1,0,0.5
The still life with the flowers,12,650,0,1,0,0.1
dance in the living room,12,8000,0,1,0,0.5
Birdie View II,12,1625,0,1,0,0.5
Rhythmic Structure,12,4500,0,2,1,0.8
Dilusion,12,750,0,1,0,0.2
On The Couch,13,700,0,0,0,0
conversation with spoonbill,13,50,0,0,0,0
Nu debout,13,689600,1,1,0,0
ramana,13,9600,0,1,0,0.2
Captives,13,779200,1,1,0,0.5
Intruder,13,20,0,0,0,0
Midsummer Night,13,650,0,1,0,0
Waiting for the rain,13,100,0,0,0,0
Flor,13,800,0,1,0,0
Red Irises,13,2500,0,1,0,0
celestial,13,1900,0,0,0,0
Amazing land,13,89,0,0,0,0
Lotus Rising,13,14400,0,0,0,0
Mandala No3,13,1500,0,0,0,0
Quality Material,13,4408000,1,0,0,0
It is my thing this Evening,13,4500,0,0,0,0
Untitled - P137,13,1810276,1,2,1,0.5
Canada Two Toronto,13,8550,0,1,0,0.3
Night,13,1384000,1,1,0,0.25
"Untitled (Monsieur Francois Pinault, President du Groupe Artemis)",13,240000,1,0,0,0
Head and Bottle,13,6536000,1,1,0,0.15
Keep Me Safe,13,119556,1,1,0,0.25
Mouth #2,13,2168000,1,1,0,0.25
M-39,13,96000,1,2,1,0.25
Armenian Question,13,288000,1,1,0,0.1
Lip-biter,13,384000,1,1,0,0.2
Elemental 11,13,675,0,1,0,0.1
Interval Series apolyo,13,9000,0,1,0,0.05
Galloping Horse Blur,13,1200,0,0,0,0
Squirrel Hole,13,85,0,1,0,0
Red Scarf,13,54000,1,0,0,0
Prelude,13,7500,0,1,0,0.1
Asleep,13,2500,0,2,1,1
scarlet,13,4000,0,2,1,0.7
Sinking Ship,13,902564,1,2,1,0.5
The town sonnets,13,950,0,1,0,0.5
The girl in red,13,950,0,1,0,0.25
Hotel Window,13,26896000,1,3,1,1
Botticelli e Filippino,13,7000,0,2,1,0.5
Ericksons,13,10344000,1,2,1,0.6
BLUE SELLY 2,13,3200,0,2,1,0.6
Censorship,13,7500,0,2,1,0.4
You are beautiful,13,2800,0,2,1,0.25
Portrait of the Artist and His Friends,13,2618925,1,2,1,0.2
HOW MUCH,13,25,0,1,0,0.1
Chorus,13,4800,0,2,1,0.25
Tender Nurse,13,2256000,1,2,1,0.5
Morning,13,1100,0,1,0,0.2
Moth,13,747825,1,1,0,0.4
Green Dress In Blue Space,13,4500,0,1,0,0.1
Falling Figure with Bird,13,1248000,1,2,1,0.5
Those Who Are Here Again,13,824000,1,2,1,0.6
Camel Driver,13,4500,0,1,0,0.2
Portrait-2,13,950,0,2,1,0.4
1304,13,6000,0,1,0,0.1
sleepy land,13,65,0,1,0,0.2
THE 10th MILKY WAY 5th CONSTELLATION GALAXY OF TUUNES,13,8000,0,2,1,0.1
Mapping the Soul,13,35,0,1,0,0.05
Bobs World,13,822400,1,2,1,0.2
Recompensa,13,980,0,1,0,0.2
High Society,13,968000,1,2,1,0.4
Jasmine,13,4200,0,2,1,0.6
A Question of Balance,13,950,0,2,1,0.25
Panic,13,75,0,1,0,0.1
under the sun,13,4800,0,2,1,0.2
abstract66,13,7500,0,2,1,0.7
White line melody,13,850,0,1,0,0.1
Lavender Mist,13,420000,1,2,1,0.5
Figure 4,13,17400000,1,2,1,0.1
Sharp Angle,13,350,0,1,0,0
Colorado River,13,192000,1,2,1,0.5
structure I,13,50,0,1,0,0.05
Self-Portrait as Goofy-Foot,13,744000,1,1,0,0.2
tree of life,13,9000,0,2,1,0.1
Flannan,13,936000,1,2,1,0.4
Calvary,13,850,0,2,1,0.4
RED CHANGER,13,9100,0,2,1,0.1
Samurai,13,85,0,2,1,0.1
Standing Male Nude in the Shower,13,1160000,1,2,1,0.15
Folly,13,1200,0,2,1,0.1
a place,13,60,0,1,0,0.05
Nude Aqua,13,70,0,2,1,0.1
Bruce Bernard,13,119556,1,2,1,0.25
Yellow spin,13,6000,0,2,1,0.5
The still life with the flowers,13,650,0,1,0,0.2
dance in the living room,13,8000,0,2,1,0.1
Birdie View II,13,1625,0,2,1,0.1
Rhythmic Structure,13,4500,0,1,0,0.2
Dilusion,13,750,0,1,0,0.4
On The Couch,14,700,0,1,0,0.1
conversation with spoonbill,14,50,0,2,1,0.9
Nu debout,14,689600,1,0,0,0.1
ramana,14,9600,0,1,0,0.25
Captives,14,779200,1,2,1,0.5
Intruder,14,20,0,0,0,0
Midsummer Night,14,650,0,1,0,0.1
Waiting for the rain,14,100,0,0,0,0.1
Flor,14,800,0,1,0,0.1
Red Irises,14,2500,0,1,0,0.1
celestial,14,1900,0,0,0,0
Amazing land,14,89,0,0,0,0
Lotus Rising,14,14400,0,1,0,0.2
Mandala No3,14,1500,0,1,0,0.2
Quality Material,14,4408000,1,2,1,0.5
It is my thing this Evening,14,4500,0,2,1,0.5
Untitled - P137,14,1810276,1,3,1,0.3
Canada Two Toronto,14,8550,0,1,0,0.15
Night,14,1384000,1,1,0,0.3
"Untitled (Monsieur Francois Pinault, President du Groupe Artemis)",14,240000,1,1,0,0.1
Head and Bottle,14,6536000,1,2,1,0.5
Keep Me Safe,14,119556,1,1,0,0.3
Mouth #2,14,2168000,1,1,0,0.4
M-39,14,96000,1,2,1,0.2
Armenian Question,14,288000,1,1,0,0.2
Lip-biter,14,384000,1,1,0,0.2
Elemental 11,14,675,0,2,1,0.5
Interval Series apolyo,14,9000,0,1,0,0.5
Galloping Horse Blur,14,1200,0,0,0,0.05
Squirrel Hole,14,85,0,2,1,0.75
Red Scarf,14,54000,1,0,0,0.1
Prelude,14,7500,0,1,0,0.2
Asleep,14,2500,0,1,0,0.15
muse 18,14,3750,0,1,0,0.1
scarlet,14,4000,0,1,0,0.2
Sinking Ship,14,902564,1,1,0,0.1
The town sonnets,14,950,0,2,1,0.5
The girl in red,14,950,0,1,0,0.25
Hotel Window,14,26896000,1,3,1,0.8
Botticelli e Filippino,14,7000,0,1,0,0.5
Ericksons,14,10344000,1,1,0,0.2
BLUE SELLY 2,14,3200,0,1,0,0.2
Censorship,14,7500,0,2,1,0.6
You are beautiful,14,2800,0,1,0,0.1
Portrait of the Artist and His Friends,14,2618925,1,1,0,0.1
HOW MUCH,14,25,0,0,0,0.1
Chorus,14,4800,0,2,1,0.45
Tender Nurse,14,2256000,1,2,1,0.5
Morning,14,1100,0,2,1,0.5
Moth,14,747825,1,1,0,0.25
Green Dress In Blue Space,14,4500,0,1,0,0.45
Falling Figure with Bird,14,1248000,1,3,1,0.7
Those Who Are Here Again,14,824000,1,1,0,0.1
Camel Driver,14,4500,0,2,1,0.5
Portrait-2,14,950,0,1,0,0.2
1304,14,6000,0,2,1,0.6
sleepy land,14,65,0,2,1,0.5
THE 10th MILKY WAY 5th CONSTELLATION GALAXY OF TUUNES,14,8000,0,1,0,0.1
Mapping the Soul,14,35,0,1,0,0.3
Bobs World,14,822400,1,2,1,0.3
Recompensa,14,980,0,1,0,0.5
High Society,14,968000,1,2,1,0.9
Jasmine,14,4200,0,1,0,0.25
A Question of Balance,14,950,0,2,1,0.6
Panic,14,75,0,2,1,0.5
under the sun,14,4800,0,2,1,0.3
abstract66,14,7500,0,2,1,0.7
White line melody,14,850,0,1,0,0.1
Lavender Mist,14,420000,1,3,1,0.9
Figure 4,14,17400000,1,3,1,0.3
Sharp Angle,14,350,0,1,0,0.15
Colorado River,14,192000,1,1,0,0.3
structure I,14,50,0,3,1,0.6
Self-Portrait as Goofy-Foot,14,744000,1,0,0,0.05
tree of life,14,9000,0,2,1,0.5
Flannan,14,936000,1,3,1,0.6
Calvary,14,850,0,2,1,0.35
RED CHANGER,14,9100,0,2,1,0.5
Samurai,14,85,0,1,0,0.5
Standing Male Nude in the Shower,14,1160000,1,2,1,0.4
Folly,14,1200,0,1,0,0.25
a place,14,60,0,2,1,0.5
Nude Aqua,14,70,0,2,1,0.5
Bruce Bernard,14,119556,1,1,0,0.5
Yellow spin,14,6000,0,2,1,0.3
The still life with the flowers,14,650,0,2,1,0.5
dance in the living room,14,8000,0,2,1,0.5
Birdie View II,14,1625,0,1,0,0.1
Rhythmic Structure,14,4500,0,3,1,0.5
Dilusion,14,750,0,1,0,0.5
On The Couch,15,700,0,1,0,0.25
conversation with spoonbill,15,50,0,1,0,0.4
Nu debout,15,689600,1,2,1,0.9
ramana,15,9600,0,1,0,0.5
Captives,15,779200,1,1,0,0.3
Intruder,15,20,0,0,0,0.05
Midsummer Night,15,650,0,1,0,0.4
Waiting for the rain,15,100,0,0,0,0.3
Flor,15,800,0,0,0,0.25
Red Irises,15,2500,0,1,0,0.3
celestial,15,1900,0,1,0,0.45
Amazing land,15,89,0,0,0,0.05
Lotus Rising,15,14400,0,0,0,0.25
Mandala No3,15,1500,0,0,0,0.05
Quality Material,15,4408000,1,1,0,0.2
It is my thing this Evening,15,4500,0,0,0,0.1
Untitled - P137,15,1810276,1,1,0,0.2
Canada Two Toronto,15,8550,0,1,0,0.25
Night,15,1384000,1,2,1,0.4
"Untitled (Monsieur Francois Pinault, President du Groupe Artemis)",15,240000,1,1,0,0.2
Head and Bottle,15,6536000,1,2,1,0.4
Keep Me Safe,15,119556,1,1,0,0.4
Mouth #2,15,2168000,1,1,0,0.1
M-39,15,96000,1,1,0,0.1
Armenian Question,15,288000,1,1,0,0.1
Lip-biter,15,384000,1,1,0,0.4
Elemental 11,15,675,0,1,0,0.1
Interval Series apolyo,15,9000,0,1,0,0.1
Galloping Horse Blur,15,1200,0,0,0,0.05
Squirrel Hole,15,85,0,1,0,0.15
Red Scarf,15,54000,1,1,0,0.1
Prelude,15,7500,0,1,0,0.1
Asleep,15,2500,0,1,0,0.15
muse 18,15,3750,0,0,0,0.05
scarlet,15,4000,0,1,0,0.05
Sinking Ship,15,902564,1,1,0,0.05
The town sonnets,15,950,0,1,0,0.2
The girl in red,15,950,0,1,0,0.1
Hotel Window,15,26896000,1,2,1,0.1
Botticelli e Filippino,15,7000,0,1,0,0.1
Ericksons,15,10344000,1,1,0,0.1
BLUE SELLY 2,15,3200,0,1,0,0.1
Censorship,15,7500,0,1,0,0.2
You are beautiful,15,2800,0,1,0,0.1
Portrait of the Artist and His Friends,15,2618925,1,1,0,0.1
HOW MUCH,15,25,0,1,0,0.1
Chorus,15,4800,0,1,0,0.2
Tender Nurse,15,2256000,1,1,0,0.1
Morning,15,1100,0,1,0,0.15
Moth,15,747825,1,2,1,0.25
Green Dress In Blue Space,15,4500,0,1,0,0.1
Falling Figure with Bird,15,1248000,1,2,1,0.2
Those Who Are Here Again,15,824000,1,1,0,0.15
Camel Driver,15,4500,0,1,0,0.15
Portrait-2,15,950,0,1,0,0.1
1304,15,6000,0,0,0,0.15
sleepy land,15,65,0,1,0,0.5
THE 10th MILKY WAY 5th CONSTELLATION GALAXY OF TUUNES,15,8000,0,1,0,0.4
Mapping the Soul,15,35,0,1,0,0.1
Bobs World,15,822400,1,1,0,0.1
Recompensa,15,980,0,1,0,0.5
High Society,15,968000,1,2,1,0.15
Jasmine,15,4200,0,1,0,0.4
A Question of Balance,15,950,0,1,0,0.2
Panic,15,75,0,1,0,0.1
under the sun,15,4800,0,1,0,0.2
abstract66,15,7500,0,1,0,0.15
White line melody,15,850,0,1,0,0.2
Lavender Mist,15,420000,1,2,1,0.25
Figure 4,15,17400000,1,1,0,0.1
Sharp Angle,15,350,0,1,0,0.1
Colorado River,15,192000,1,1,0,0.1
structure I,15,50,0,1,0,0.1
Self-Portrait as Goofy-Foot,15,744000,1,1,0,0.1
tree of life,15,9000,0,1,0,0.1
Flannan,15,936000,1,1,0,0.1
Calvary,15,850,0,1,0,0.05
RED CHANGER,15,9100,0,1,0,0.05
Samurai,15,85,0,1,0,0.2
Standing Male Nude in the Shower,15,1160000,1,1,0,0.1
Folly,15,1200,0,1,0,0.15
a place,15,60,0,1,0,0.1
Nude Aqua,15,70,0,1,0,0.1
Bruce Bernard,15,119556,1,1,0,0.1
Yellow spin,15,6000,0,1,0,0.1
The still life with the flowers,15,650,0,1,0,0.15
dance in the living room,15,8000,0,1,0,0.1
Birdie View II,15,1625,0,1,0,0.1
Rhythmic Structure,15,4500,0,2,1,0.15
Dilusion,15,750,0,1,0,0.1
On The Couch,16,700,0,1,0,0.1
conversation with spoonbill,16,50,0,0,0,0.05
Nu debout,16,689600,1,0,0,0
ramana,16,9600,0,0,0,0
Captives,16,779200,1,1,0,0.2
Intruder,16,20,0,0,0,0
Midsummer Night,16,650,0,0,0,0
Waiting for the rain,16,100,0,1,0,0.01
Flor,16,800,0,0,0,0
Red Irises,16,2500,0,1,0,0.01
celestial,16,1900,0,0,0,0
Amazing land,16,89,0,0,0,0
Lotus Rising,16,14400,0,1,0,0.03
Mandala No3,16,1500,0,1,0,0.1
Quality Material,16,4408000,1,1,0,0.15
It is my thing this Evening,16,4500,0,1,0,0.01
Untitled - P137,16,1810276,1,1,0,0.1
Canada Two Toronto,16,8550,0,1,0,0.05
Night,16,1384000,1,2,1,0.2
"Untitled (Monsieur Francois Pinault, President du Groupe Artemis)",16,240000,1,1,0,0.1
Head and Bottle,16,6536000,1,2,1,0.8
Keep Me Safe,16,119556,1,2,1,0.65
Mouth #2,16,2168000,1,2,1,0.5
M-39,16,96000,1,2,1,0.55
Armenian Question,16,288000,1,1,0,0.2
Lip-biter,16,384000,1,1,0,0.4
Elemental 11,16,675,0,1,0,0.25
Interval Series apolyo,16,9000,0,2,1,0.8
Galloping Horse Blur,16,1200,0,1,0,0
Squirrel Hole,16,85,0,1,0,0.01
Red Scarf,16,54000,1,1,0,0.1
Prelude,16,7500,0,1,0,0.1
Asleep,16,2500,0,1,0,0.1
muse 18,16,3750,0,1,0,0
scarlet,16,4000,0,2,1,0.4
Sinking Ship,16,902564,1,1,0,0.25
The town sonnets,16,950,0,2,1,0.3
The girl in red,16,950,0,0,0,0.01
Hotel Window,16,26896000,1,3,1,0.65
Botticelli e Filippino,16,7000,0,1,0,0.2
Ericksons,16,10344000,1,2,1,0.55
BLUE SELLY 2,16,3200,0,1,0,0.3
Censorship,16,7500,0,1,0,0.2
You are beautiful,16,2800,0,1,0,0.2
Portrait of the Artist and His Friends,16,2618925,1,2,1,0.3
HOW MUCH,16,25,0,1,0,0.05
Chorus,16,4800,0,1,0,0.2
Tender Nurse,16,2256000,1,1,0,0.1
Morning,16,1100,0,1,0,0.05
Moth,16,747825,1,1,0,0.3
Green Dress In Blue Space,16,4500,0,1,0,0.1
Falling Figure with Bird,16,1248000,1,2,1,0.25
Those Who Are Here Again,16,824000,1,2,1,0.25
Camel Driver,16,4500,0,1,0,0.1
Portrait-2,16,950,0,1,0,0.15
1304,16,6000,0,1,0,0.1
sleepy land,16,65,0,1,0,0.05
THE 10th MILKY WAY 5th CONSTELLATION GALAXY OF TUUNES,16,8000,0,0,0,0
Mapping the Soul,16,35,0,0,0,0
Bobs World,16,822400,1,2,1,0.4
Recompensa,16,980,0,1,0,0.2
High Society,16,968000,1,2,1,0.4
Jasmine,16,4200,0,1,0,0.1
A Question of Balance,16,950,0,1,0,0.1
Panic,16,75,0,0,0,0
under the sun,16,4800,0,1,0,0.05
abstract66,16,7500,0,1,0,0.15
White line melody,16,850,0,1,0,0.1
Lavender Mist,16,420000,1,3,1,0.5
Figure 4,16,17400000,1,2,1,0.4
Sharp Angle,16,350,0,1,0,0.02
Colorado River,16,192000,1,1,0,0.1
structure I,16,50,0,1,0,0.01
Self-Portrait as Goofy-Foot,16,744000,1,1,0,0.15
tree of life,16,9000,0,1,0,0.1
Flannan,16,936000,1,1,0,0.1
Calvary,16,850,0,1,0,0.1
RED CHANGER,16,9100,0,2,1,0.3
Samurai,16,85,0,1,0,0.02
Standing Male Nude in the Shower,16,1160000,1,1,0,0.1
Folly,16,1200,0,1,0,0.02
a place,16,60,0,1,0,0
Nude Aqua,16,70,0,1,0,0.05
Bruce Bernard,16,119556,1,2,1,0.2
Yellow spin,16,6000,0,2,1,0.5
The still life with the flowers,16,650,0,1,0,0.1
dance in the living room,16,8000,0,1,0,0.02
Birdie View II,16,1625,0,1,0,0.05
Rhythmic Structure,16,4500,0,1,0,0.1
Dilusion,16,750,0,1,0,0.03
On The Couch,17,700,0,1,0,0.4
conversation with spoonbill,17,50,0,1,0,0.5
Nu debout,17,689600,1,0,0,0.1
ramana,17,9600,0,1,0,0.1
Captives,17,779200,1,1,0,0.1
Intruder,17,20,0,1,0,0.2
Midsummer Night,17,650,0,1,0,0.25
Waiting for the rain,17,100,0,0,0,0.1
Flor,17,800,0,0,0,0.02
Red Irises,17,2500,0,0,0,0.05
celestial,17,1900,0,1,0,0.5
Amazing land,17,89,0,0,0,0.05
Lotus Rising,17,14400,0,0,0,0.05
Mandala No3,17,1500,0,0,0,0.05
Quality Material,17,4408000,1,1,0,0.5
It is my thing this Evening,17,4500,0,0,0,0.1
Untitled - P137,17,1810276,1,0,0,0.05
Canada Two Toronto,17,8550,0,0,0,0.1
Night,17,1384000,1,2,1,0.6
"Untitled (Monsieur Francois Pinault, President du Groupe Artemis)",17,240000,1,0,0,0.1
Head and Bottle,17,6536000,1,3,1,0.8
Keep Me Safe,17,119556,1,1,0,0.4
Mouth #2,17,2168000,1,2,1,0.3
M-39,17,96000,1,0,0,0.05
Armenian Question,17,288000,1,1,0,0.55
Lip-biter,17,384000,1,2,1,0.6
Elemental 11,17,675,0,2,1,0.7
Interval Series apolyo,17,9000,0,2,1,0.5
Galloping Horse Blur,17,1200,0,0,0,0.1
Squirrel Hole,17,85,0,0,0,0.25
Red Scarf,17,54000,1,1,0,0.2
Prelude,17,7500,0,1,0,0.05
Asleep,17,2500,0,1,0,0.25
muse 18,17,3750,0,1,0,0.1
scarlet,17,4000,0,1,0,0.12
Sinking Ship,17,902564,1,1,0,0.25
The town sonnets,17,950,0,1,0,0.75
The girl in red,17,950,0,1,0,0.17
Hotel Window,17,26896000,1,3,1,0.75
Botticelli e Filippino,17,7000,0,1,0,0.1
Ericksons,17,10344000,1,3,1,0.75
BLUE SELLY 2,17,3200,0,1,0,0.07
Censorship,17,7500,0,2,1,0.2
You are beautiful,17,2800,0,1,0,0.25
Portrait of the Artist and His Friends,17,2618925,1,1,0,0.1
HOW MUCH,17,25,0,1,0,0.12
Chorus,17,4800,0,1,0,0.2
Tender Nurse,17,2256000,1,1,0,0.05
Morning,17,1100,0,1,0,0.02
Moth,17,747825,1,1,0,0.07
Green Dress In Blue Space,17,4500,0,1,0,0.05
Falling Figure with Bird,17,1248000,1,3,1,0.5
Those Who Are Here Again,17,824000,1,1,0,0.08
Camel Driver,17,4500,0,1,0,0.05
Portrait-2,17,950,0,1,0,0.08
1304,17,6000,0,2,1,0.7
sleepy land,17,65,0,1,0,0.05
THE 10th MILKY WAY 5th CONSTELLATION GALAXY OF TUUNES,17,8000,0,1,0,0.02
Mapping the Soul,17,35,0,1,0,0.08
Bobs World,17,822400,1,1,0,0.02
Recompensa,17,980,0,1,0,0.02
High Society,17,968000,1,2,1,0.25
Jasmine,17,4200,0,1,0,0.02
A Question of Balance,17,950,0,1,0,0.05
Panic,17,75,0,1,0,0.05
under the sun,17,4800,0,1,0,0.02
abstract66,17,7500,0,1,0,0.15
White line melody,17,850,0,1,0,0.02
Lavender Mist,17,420000,1,3,1,0.5
Figure 4,17,17400000,1,3,1,0.75
Sharp Angle,17,350,0,1,0,0.02
Colorado River,17,192000,1,1,0,0.02
structure I,17,50,0,1,0,0.02
Self-Portrait as Goofy-Foot,17,744000,1,1,0,0.02
tree of life,17,9000,0,1,0,0.05
Flannan,17,936000,1,3,1,0.6
Calvary,17,850,0,1,0,0.02
RED CHANGER,17,9100,0,2,1,0.15
Samurai,17,85,0,1,0,0.1
Standing Male Nude in the Shower,17,1160000,1,1,0,0.02
Folly,17,1200,0,1,0,0.02
a place,17,60,0,1,0,0.02
Nude Aqua,17,70,0,1,0,0.02
Bruce Bernard,17,119556,1,3,1,0.5
Yellow spin,17,6000,0,1,0,0.03
The still life with the flowers,17,650,0,1,0,0.2
dance in the living room,17,8000,0,1,0,0.02
Birdie View II,17,1625,0,1,0,0.02
Rhythmic Structure,17,4500,0,2,1,0.25
Dilusion,17,750,0,1,0,0.08
On The Couch,18,700,0,1,0,0.25
conversation with spoonbill,18,50,0,0,0,0.15
Nu debout,18,689600,1,1,0,0.7
ramana,18,9600,0,1,0,0.25
Captives,18,779200,1,1,0,0.4
Intruder,18,20,0,0,0,0.15
Midsummer Night,18,650,0,1,0,0.1
Waiting for the rain,18,100,0,0,0,0.1
Flor,18,800,0,1,0,0.3
Red Irises,18,2500,0,1,0,0.15
celestial,18,1900,0,0,0,0.1
Amazing land,18,89,0,0,0,0.1
Lotus Rising,18,14400,0,1,0,0.1
Mandala No3,18,1500,0,0,0,0.1
Quality Material,18,4408000,1,1,0,0.2
It is my thing this Evening,18,4500,0,1,0,0.1
Untitled - P137,18,1810276,1,1,0,0.1
Canada Two Toronto,18,8550,0,1,0,0.1
Night,18,1384000,1,1,0,0.1
"Untitled (Monsieur Francois Pinault, President du Groupe Artemis)",18,240000,1,0,0,0.05
Head and Bottle,18,6536000,1,1,0,0.1
Keep Me Safe,18,119556,1,1,0,0.15
Mouth #2,18,2168000,1,1,0,0.2
M-39,18,96000,1,0,0,0.1
Armenian Question,18,288000,1,1,0,0.1
Lip-biter,18,384000,1,1,0,0.15
Elemental 11,18,675,0,1,0,0.2
Interval Series apolyo,18,9000,0,1,0,0.2
Galloping Horse Blur,18,1200,0,0,0,0.1
Squirrel Hole,18,85,0,1,0,0.2
Red Scarf,18,54000,1,1,0,0.15
Prelude,18,7500,0,1,0,0.1
Asleep,18,2500,0,1,0,0.1
muse 18,18,3750,0,1,0,0.15
scarlet,18,4000,0,1,0,0.2
Sinking Ship,18,902564,1,1,0,0.2
The town sonnets,18,950,0,1,0,0.15
The girl in red,18,950,0,1,0,0.15
Hotel Window,18,26896000,1,3,1,0.5
Botticelli e Filippino,18,7000,0,2,1,0.3
Ericksons,18,10344000,1,2,1,0.3
BLUE SELLY 2,18,3200,0,1,0,0.1
Censorship,18,7500,0,1,0,0.15
You are beautiful,18,2800,0,1,0,0.1
Portrait of the Artist and His Friends,18,2618925,1,1,0,0.15
HOW MUCH,18,25,0,0,0,0.05
Chorus,18,4800,0,1,0,0.1
Tender Nurse,18,2256000,1,1,0,0.2
Morning,18,1100,0,1,0,0.15
Moth,18,747825,1,1,0,0.2
Green Dress In Blue Space,18,4500,0,1,0,0.1
Falling Figure with Bird,18,1248000,1,2,1,0.3
Those Who Are Here Again,18,824000,1,1,0,0.3
Camel Driver,18,4500,0,1,0,0.15
Portrait-2,18,950,0,1,0,0.15
1304,18,6000,0,1,0,0.15
sleepy land,18,65,0,1,0,0.1
THE 10th MILKY WAY 5th CONSTELLATION GALAXY OF TUUNES,18,8000,0,1,0,0.1
Mapping the Soul,18,35,0,0,0,0.1
Bobs World,18,822400,1,1,0,0.15
Recompensa,18,980,0,1,0,0.2
High Society,18,968000,1,2,1,0.2
Jasmine,18,4200,0,1,0,0.1
A Question of Balance,18,950,0,1,0,0.1
Panic,18,75,0,1,0,0.05
under the sun,18,4800,0,2,1,0.25
abstract66,18,7500,0,2,1,0.2
White line melody,18,850,0,1,0,0.15
Lavender Mist,18,420000,1,1,0,0.15
Figure 4,18,17400000,1,2,1,0.25
Sharp Angle,18,350,0,1,0,0.05
Colorado River,18,192000,1,1,0,0.15
structure I,18,50,0,1,0,0.1
Self-Portrait as Goofy-Foot,18,744000,1,1,0,0.05
tree of life,18,9000,0,1,0,0.1
Flannan,18,936000,1,1,0,0.2
Calvary,18,850,0,1,0,0.2
Samurai,18,85,0,1,0,0.1
Standing Male Nude in the Shower,18,1160000,1,1,0,0.1
Folly,18,1200,0,1,0,0.15
a place,18,60,0,1,0,0.1
Nude Aqua,18,70,0,1,0,0.2
Bruce Bernard,18,119556,1,1,0,0.15
Yellow spin,18,6000,0,1,0,0.15
The still life with the flowers,18,650,0,1,0,0.1
dance in the living room,18,8000,0,1,0,0.15
Birdie View II,18,1625,0,1,0,0.1
Rhythmic Structure,18,4500,0,2,1,0.2
Dilusion,18,750,0,1,0,0.1
On The Couch,19,700,0,0,0,0
conversation with spoonbill,19,50,0,0,0,0
Nu debout,19,689600,1,3,1,0.4
ramana,19,9600,0,1,0,0
Captives,19,779200,1,1,0,0
Intruder,19,20,0,0,0,0
Midsummer Night,19,650,0,1,0,0
Waiting for the rain,19,100,0,0,0,0
Flor,19,800,0,0,0,0
Red Irises,19,2500,0,0,0,0
celestial,19,1900,0,0,0,0
Amazing land,19,89,0,0,0,0.05
Lotus Rising,19,14400,0,1,0,0
Mandala No3,19,1500,0,1,0,0
Quality Material,19,4408000,1,3,1,0.2
It is my thing this Evening,19,4500,0,0,0,0
Untitled - P137,19,1810276,1,3,1,0.4
Canada Two Toronto,19,8550,0,1,0,0.2
Night,19,1384000,1,2,1,0.5
"Untitled (Monsieur Francois Pinault, President du Groupe Artemis)",19,240000,1,1,0,0
Head and Bottle,19,6536000,1,3,1,0.8
Keep Me Safe,19,119556,1,2,1,0.35
Mouth #2,19,2168000,1,2,1,0.25
M-39,19,96000,1,1,0,0.1
Armenian Question,19,288000,1,2,1,0.45
Lip-biter,19,384000,1,2,1,0.25
Elemental 11,19,675,0,1,0,0
Interval Series apolyo,19,9000,0,2,1,0.2
Galloping Horse Blur,19,1200,0,0,0,0
Squirrel Hole,19,85,0,0,0,0
Red Scarf,19,54000,1,1,0,0.15
Prelude,19,7500,0,1,0,0
Asleep,19,2500,0,1,0,0.05
muse 18,19,3750,0,0,0,0.05
scarlet,19,4000,0,1,0,0.05
Sinking Ship,19,902564,1,1,0,0.05
The town sonnets,19,950,0,1,0,0.1
The girl in red,19,950,0,0,0,0.1
Hotel Window,19,26896000,1,3,1,0.6
Botticelli e Filippino,19,7000,0,1,0,0.05
Ericksons,19,10344000,1,2,1,0.2
BLUE SELLY 2,19,3200,0,1,0,0.1
Censorship,19,7500,0,1,0,0
You are beautiful,19,2800,0,1,0,0.2
Portrait of the Artist and His Friends,19,2618925,1,1,0,0
HOW MUCH,19,25,0,0,0,0
Chorus,19,4800,0,0,0,0
Tender Nurse,19,2256000,1,3,1,0.4
Morning,19,1100,0,1,0,0.05
Moth,19,747825,1,1,0,0
Green Dress In Blue Space,19,4500,0,0,0,0
Falling Figure with Bird,19,1248000,1,1,0,0.15
Those Who Are Here Again,19,824000,1,2,1,0.3
Camel Driver,19,4500,0,0,0,0
Portrait-2,19,950,0,0,0,0.05
1304,19,6000,0,2,1,0.25
sleepy land,19,65,0,0,0,0
THE 10th MILKY WAY 5th CONSTELLATION GALAXY OF TUUNES,19,8000,0,2,1,0
Mapping the Soul,19,35,0,0,0,0
Bobs World,19,822400,1,3,1,0.35
Recompensa,19,980,0,1,0,0.1
High Society,19,968000,1,2,1,0.45
Jasmine,19,4200,0,1,0,0.1
A Question of Balance,19,950,0,0,0,0.05
Panic,19,75,0,0,0,0
under the sun,19,4800,0,1,0,0.05
abstract66,19,7500,0,1,0,0.1
White line melody,19,850,0,0,0,0.1
Lavender Mist,19,420000,1,3,1,0.9
Figure 4,19,17400000,1,3,1,0.85
Sharp Angle,19,350,0,0,0,0
Colorado River,19,192000,1,2,1,0.3
structure I,19,50,0,2,1,0
Self-Portrait as Goofy-Foot,19,744000,1,1,0,0.25
tree of life,19,9000,0,3,1,0.1
Flannan,19,936000,1,2,1,0.5
Calvary,19,850,0,0,0,0.05
RED CHANGER,19,9100,0,1,0,0.1
Samurai,19,85,0,0,0,0
Standing Male Nude in the Shower,19,1160000,1,2,1,0.4
Folly,19,1200,0,0,0,0
a place,19,60,0,0,0,0
Nude Aqua,19,70,0,0,0,0
Bruce Bernard,19,119556,1,3,1,0.8
Yellow spin,19,6000,0,1,0,0.05
The still life with the flowers,19,650,0,0,0,0
dance in the living room,19,8000,0,0,0,0
Birdie View II,19,1625,0,1,0,0.1
Rhythmic Structure,19,4500,0,3,1,0.4
Dilusion,19,750,0,0,0,0
On The Couch,20,700,0,1,0,0.58
conversation with spoonbill,20,50,0,2,1,0.8
Nu debout,20,689600,1,3,1,1
ramana,20,9600,0,0,0,0.35
Captives,20,779200,1,1,0,0.55
Intruder,20,20,0,0,0,0.4
Midsummer Night,20,650,0,1,0,0.5
Waiting for the rain,20,100,0,0,0,0.15
Flor,20,800,0,0,0,0
Red Irises,20,2500,0,1,0,0.05
celestial,20,1900,0,0,0,0.01
Amazing land,20,89,0,0,0,0.05
Lotus Rising,20,14400,0,1,0,0.4
Mandala No3,20,1500,0,1,0,0.05
Quality Material,20,4408000,1,1,0,0.15
It is my thing this Evening,20,4500,0,2,1,0.5
Untitled - P137,20,1810276,1,0,0,0.05
Canada Two Toronto,20,8550,0,2,1,0.8
Night,20,1384000,1,1,0,0.45
"Untitled (Monsieur Francois Pinault, President du Groupe Artemis)",20,240000,1,1,0,0.05
Head and Bottle,20,6536000,1,1,0,0.05
Keep Me Safe,20,119556,1,1,0,0.4
Mouth #2,20,2168000,1,2,1,0.75
M-39,20,96000,1,1,0,0.4
Armenian Question,20,288000,1,2,1,0.5
Lip-biter,20,384000,1,1,0,0.25
Elemental 11,20,675,0,2,1,0.9
Interval Series apolyo,20,9000,0,2,1,0.65
Galloping Horse Blur,20,1200,0,0,0,0.3
Squirrel Hole,20,85,0,0,0,0.15
Red Scarf,20,54000,1,1,0,0.45
Prelude,20,7500,0,2,1,0.8
Asleep,20,2500,0,1,0,0.45
muse 18,20,3750,0,2,1,0.8
scarlet,20,4000,0,1,0,0.5
Sinking Ship,20,902564,1,1,0,0.1
The town sonnets,20,950,0,1,0,0.45
The girl in red,20,950,0,0,0,0.05
Hotel Window,20,26896000,1,3,1,0.9
Botticelli e Filippino,20,7000,0,1,0,0.05
Ericksons,20,10344000,1,3,1,0.8
BLUE SELLY 2,20,3200,0,1,0,0.45
Censorship,20,7500,0,3,1,0.9
You are beautiful,20,2800,0,2,1,0.65
Portrait of the Artist and His Friends,20,2618925,1,1,0,0.45
HOW MUCH,20,25,0,0,0,0.25
Chorus,20,4800,0,1,0,0.15
Tender Nurse,20,2256000,1,2,1,0.65
Morning,20,1100,0,1,0,0.4
Moth,20,747825,1,1,0,0.4
Green Dress In Blue Space,20,4500,0,1,0,0.45
Falling Figure with Bird,20,1248000,1,2,1,0.85
Those Who Are Here Again,20,824000,1,1,0,0.45
Camel Driver,20,4500,0,1,0,0.5
Portrait-2,20,950,0,1,0,0.5
1304,20,6000,0,2,1,0.8
sleepy land,20,65,0,0,0,0.1
THE 10th MILKY WAY 5th CONSTELLATION GALAXY OF TUUNES,20,8000,0,1,0,0.04
Mapping the Soul,20,35,0,0,0,0.01
Bobs World,20,822400,1,1,0,0.4
Recompensa,20,980,0,2,1,0.7
High Society,20,968000,1,1,0,0.2
Jasmine,20,4200,0,1,0,0.05
A Question of Balance,20,950,0,1,0,0.5
Panic,20,75,0,0,0,0.05
under the sun,20,4800,0,1,0,0.25
abstract66,20,7500,0,1,0,0.2
White line melody,20,850,0,1,0,0.6
Lavender Mist,20,420000,1,3,1,1
Figure 4,20,17400000,1,3,1,0.95
Sharp Angle,20,350,0,0,0,0.1
Colorado River,20,192000,1,1,0,0.05
structure I,20,50,0,0,0,0.05
Self-Portrait as Goofy-Foot,20,744000,1,1,0,0.1
tree of life,20,9000,0,1,0,0.05
Flannan,20,936000,1,1,0,0.1
Calvary,20,850,0,1,0,0.2
RED CHANGER,20,9100,0,2,1,0.65
Samurai,20,85,0,0,0,0.05
Standing Male Nude in the Shower,20,1160000,1,1,0,0.5
Folly,20,1200,0,2,1,0.65
a place,20,60,0,1,0,0.2
Nude Aqua,20,70,0,1,0,0.5
Bruce Bernard,20,119556,1,2,1,0.7
Yellow spin,20,6000,0,1,0,0.6
The still life with the flowers,20,650,0,1,0,0.2
dance in the living room,20,8000,0,1,0,0.35
Birdie View II,20,1625,0,1,0,0.1
Rhythmic Structure,20,4500,0,1,0,0.5
Dilusion,20,750,0,1,0,0.1
