state,expt city,subject,own,meta,confidence,actual
Alabama,Birmingham,52966,0,0.6,0.75,0
Alabama,Birmingham,sub1,0,0.69,0.7,0
Alabama,Birmingham,31720,0,0.65,0.6,0
Alabama,Birmingham,31828,1,1,1,0
Alabama,Birmingham,32008,0,0.7,0.6,0
Alabama,Birmingham,33550,1,1,1,0
Alabama,Birmingham,43924,0,0.4,0.6,0
Alabama,Birmingham,44383,0,0.4,0.5,0
Alabama,Birmingham,52807,1,0.6,1,0
Alabama,Birmingham,57337,0,0.5,0.6,0
Alabama,Birmingham,57346,0,0.6,0.6,0
Alabama,Birmingham,57394,1,0.6,0.75,0
Alabama,Birmingham,57427,0,0.65,0.8,0
Alabama,Birmingham,57436,1,0.8,0.6,0
Alabama,Birmingham,666,0,0.6,1,0
Alabama,Birmingham,a,1,0.8,0.7,0
Alabama,Birmingham,a2,1,0.95,0.95,0
Alabama,Birmingham,b2,1,0.8,1,0
Alabama,Birmingham,b3,1,0.4,0.5,0
Alabama,Birmingham,b4,1,0.7,0.9,0
Alabama,Birmingham,b5,1,0.8,0.75,0
Alabama,Birmingham,c1,1,0.7,1,0
Alabama,Birmingham,c2,1,0.7,0.6,0
Alabama,Birmingham,c3,1,0.8,0.9,0
Alabama,Birmingham,c4,0,0.4,0.75,0
Alabama,Birmingham,d10,0,0.4,0.6,0
Alabama,Birmingham,d2,0,0.2,0.5,0
Alabama,Birmingham,d3,1,0.8,1,0
Alabama,Birmingham,d6,1,0.5,0.5,0
Alabama,Birmingham,d6b,1,0.75,0.5,0
Alabama,Birmingham,d7,0,0.5,0.7,0
Alabama,Birmingham,d8,1,0.87,0.7,0
Alabama,Birmingham,d9,1,0.5,0.5,0
Alaska,Anchorage,52966,0,0.7,0.9,0
Alaska,Anchorage,sub1,0,0.4,0.8,0
Alaska,Anchorage,31720,0,0.55,1,0
Alaska,Anchorage,31828,0,1,1,0
Alaska,Anchorage,32008,1,0.65,1,0
Alaska,Anchorage,33550,0,0.1,1,0
Alaska,Anchorage,43924,1,0.9,0.9,0
Alaska,Anchorage,44383,1,0.7,0.7,0
Alaska,Anchorage,52807,1,0.6,0.8,0
Alaska,Anchorage,57337,0,0.6,0.5,0
Alaska,Anchorage,57346,0,0.3,0.6,0
Alaska,Anchorage,57394,0,0.4,1,0
Alaska,Anchorage,57427,0,0.75,1,0
Alaska,Anchorage,57436,0,0.2,1,0
Alaska,Anchorage,666,0,0.4,1,0
Alaska,Anchorage,a,0,0.7,0.5,0
Alaska,Anchorage,a2,0,0.95,1,0
Alaska,Anchorage,b2,0,0.3,1,0
Alaska,Anchorage,b3,1,0.8,0.85,0
Alaska,Anchorage,b4,1,0.6,0.6,0
Alaska,Anchorage,b5,0,0.4,0.8,0
Alaska,Anchorage,c1,0,0.35,1,0
Alaska,Anchorage,c2,1,0.8,0.5,0
Alaska,Anchorage,c3,0,0.2,1,0
Alaska,Anchorage,c4,0,0.5,0.9,0
Alaska,Anchorage,d10,1,0.8,0.8,0
Alaska,Anchorage,d2,1,0.6,0.5,0
Alaska,Anchorage,d3,1,0.9,1,0
Alaska,Anchorage,d6,0,0.2,0.7,0
Alaska,Anchorage,d6b,1,0.75,0.5,0
Alaska,Anchorage,d7,0,0.4,1,0
Alaska,Anchorage,d8,1,0.9,0.8,0
Alaska,Anchorage,d9,1,0.55,0.5,0
Arizona,Phoenix,52966,1,0.85,0.9,1
Arizona,Phoenix,sub1,1,0.7,0.6,1
Arizona,Phoenix,31720,0,0.6,0.55,1
Arizona,Phoenix,31828,1,0.01,0.5,1
Arizona,Phoenix,32008,1,0.85,1,1
Arizona,Phoenix,33550,1,0.9,1,1
Arizona,Phoenix,43924,1,0.8,0.8,1
Arizona,Phoenix,44383,1,1,1,1
Arizona,Phoenix,52807,1,0.8,0.95,1
Arizona,Phoenix,57337,1,1,1,1
Arizona,Phoenix,57346,1,1,1,1
Arizona,Phoenix,57394,1,0.6,0.9,1
Arizona,Phoenix,57427,0,0.85,0.75,1
Arizona,Phoenix,57436,1,0.8,1,1
Arizona,Phoenix,666,1,0.7,1,1
Arizona,Phoenix,a,1,0.8,1,1
Arizona,Phoenix,a2,1,0.95,1,1
Arizona,Phoenix,b2,0,0.7,1,1
Arizona,Phoenix,b3,0,0.55,0.5,1
Arizona,Phoenix,b4,1,0.7,0.9,1
Arizona,Phoenix,b5,1,0.9,0.8,1
Arizona,Phoenix,c1,1,0.8,0.8,1
Arizona,Phoenix,c2,1,0.8,0.7,1
Arizona,Phoenix,c3,1,0.9,0.9,1
Arizona,Phoenix,c4,1,0.9,0.9,1
Arizona,Phoenix,d10,1,0.8,0.6,1
Arizona,Phoenix,d2,0,0.5,0.5,1
Arizona,Phoenix,d3,1,0.8,1,1
Arizona,Phoenix,d6,1,0.8,0.9,1
Arizona,Phoenix,d6b,1,0.75,1,1
Arizona,Phoenix,d7,1,0.8,0.8,1
Arizona,Phoenix,d8,1,0.8,0.6,1
Arizona,Phoenix,d9,1,0.5,0.5,1
Arkansas,Little_Rock,52966,1,0.75,0.9,1
Arkansas,Little_Rock,sub1,1,0.7,0.5,1
Arkansas,Little_Rock,31720,1,0.75,1,1
Arkansas,Little_Rock,31828,0,0.01,1,1
Arkansas,Little_Rock,32008,1,0.55,0.7,1
Arkansas,Little_Rock,33550,1,0.8,1,1
Arkansas,Little_Rock,43924,1,0.7,0.6,1
Arkansas,Little_Rock,44383,0,0.3,0.6,1
Arkansas,Little_Rock,52807,1,0.6,0.95,1
Arkansas,Little_Rock,57337,1,0.7,0.7,1
Arkansas,Little_Rock,57346,0,0.8,1,1
Arkansas,Little_Rock,57394,1,0.8,0.75,1
Arkansas,Little_Rock,57427,1,0.55,0.65,1
Arkansas,Little_Rock,57436,1,0.7,1,1
Arkansas,Little_Rock,666,1,0.8,1,1
Arkansas,Little_Rock,a,1,0.97,1,1
Arkansas,Little_Rock,a2,1,0.9,0.8,1
Arkansas,Little_Rock,b2,1,0.65,1,1
Arkansas,Little_Rock,b3,1,0.74,1,1
Arkansas,Little_Rock,b4,0,0.5,0.5,1
Arkansas,Little_Rock,b5,1,0.8,0.75,1
Arkansas,Little_Rock,c1,1,0.75,1,1
Arkansas,Little_Rock,c2,0,0.7,0.6,1
Arkansas,Little_Rock,c3,1,0.9,0.9,1
Arkansas,Little_Rock,c4,1,0.8,0.9,1
Arkansas,Little_Rock,d10,1,0.5,0.5,1
Arkansas,Little_Rock,d2,0,0.5,0.5,1
Arkansas,Little_Rock,d3,1,0.75,1,1
Arkansas,Little_Rock,d6,0,0.5,0.5,1
Arkansas,Little_Rock,d6b,1,0.85,1,1
Arkansas,Little_Rock,d7,1,0.8,0.7,1
Arkansas,Little_Rock,d8,1,0.8,0.65,1
Arkansas,Little_Rock,d9,0,0.3,0.6,1
California,Los_Angeles,52966,0,0.4,1,0
California,Los_Angeles,sub1,0,0.2,1,0
California,Los_Angeles,31720,0,0.25,1,0
California,Los_Angeles,31828,0,0.5,1,0
California,Los_Angeles,32008,0,0.4,1,0
California,Los_Angeles,33550,1,1,1,0
California,Los_Angeles,43924,0,0.1,0.5,0
California,Los_Angeles,44383,0,0.95,1,0
California,Los_Angeles,52807,0,0.4,1,0
California,Los_Angeles,57337,0,1,1,0
California,Los_Angeles,57346,0,0.8,0.8,0
California,Los_Angeles,57394,0,0.25,1,0
California,Los_Angeles,57427,0,0.65,1,0
California,Los_Angeles,57436,0,0.1,1,0
California,Los_Angeles,666,0,0.5,1,0
California,Los_Angeles,a,1,0.9,0.85,0
California,Los_Angeles,a2,0,0.95,1,0
California,Los_Angeles,b2,0,0.25,1,0
California,Los_Angeles,b3,0,0.15,1,0
California,Los_Angeles,b4,1,0.8,0.9,0
California,Los_Angeles,b5,0,0.75,1,0
California,Los_Angeles,c1,0,0.5,1,0
California,Los_Angeles,c2,0,0.9,0.8,0
California,Los_Angeles,c3,0,0.01,1,0
California,Los_Angeles,c4,0,0.08,1,0
California,Los_Angeles,d10,1,0.95,0.9,0
California,Los_Angeles,d2,1,0.5,0.5,0
California,Los_Angeles,d3,1,0.9,1,0
California,Los_Angeles,d6,1,0.9,1,0
California,Los_Angeles,d6b,0,0.5,0.5,0
California,Los_Angeles,d7,0,0.3,1,0
California,Los_Angeles,d8,0,0.7,0.6,0
California,Los_Angeles,d9,1,0.9,0.8,0
Colorado,Denver,52966,1,0.65,0.75,1
Colorado,Denver,sub1,1,0.7,0.7,1
Colorado,Denver,31720,1,0.8,0.85,1
Colorado,Denver,31828,1,0.5,1,1
Colorado,Denver,32008,1,0.85,1,1
Colorado,Denver,33550,1,0.8,1,1
Colorado,Denver,43924,1,0.95,1,1
Colorado,Denver,44383,1,0.8,0.9,1
Colorado,Denver,52807,1,0.7,0.7,1
Colorado,Denver,57337,1,0.8,0.9,1
Colorado,Denver,57346,1,0.9,1,1
Colorado,Denver,57394,1,0.75,0.8,1
Colorado,Denver,57427,0,0.89,0.65,1
Colorado,Denver,57436,1,0.8,0.9,1
Colorado,Denver,666,1,0.8,1,1
Colorado,Denver,a,1,0.9,1,1
Colorado,Denver,a2,1,0.9,0.9,1
Colorado,Denver,b2,1,0.85,1,1
Colorado,Denver,b3,1,0.85,1,1
Colorado,Denver,b4,0,0.5,0.6,1
Colorado,Denver,b5,1,0.8,0.75,1
Colorado,Denver,c1,1,0.75,0.7,1
Colorado,Denver,c2,1,0.8,0.8,1
Colorado,Denver,c3,1,0.8,0.9,1
Colorado,Denver,c4,1,0.9,0.9,1
Colorado,Denver,d10,1,0.95,0.85,1
Colorado,Denver,d2,1,0.5,0.5,1
Colorado,Denver,d3,1,0.8,0.9,1
Colorado,Denver,d6,1,0.8,0.9,1
Colorado,Denver,d6b,1,0.75,0.75,1
Colorado,Denver,d7,1,0.8,0.9,1
Colorado,Denver,d8,1,0.8,0.8,1
Colorado,Denver,d9,0,0.5,0.5,1
Connecticut,Bridgeport,52966,1,0.8,0.8,0
Connecticut,Bridgeport,sub1,0,0.5,0.6,0
Connecticut,Bridgeport,31720,0,0.35,1,0
Connecticut,Bridgeport,31828,0,0.2,1,0
Connecticut,Bridgeport,32008,0,0.7,0.7,0
Connecticut,Bridgeport,33550,0,0.6,0.6,0
Connecticut,Bridgeport,43924,0,0.5,0.5,0
Connecticut,Bridgeport,44383,1,0.6,0.6,0
Connecticut,Bridgeport,52807,0,0.6,1,0
Connecticut,Bridgeport,57337,0,0.7,1,0
Connecticut,Bridgeport,57346,0,0.1,0.9,0
Connecticut,Bridgeport,57394,0,0.1,1,0
Connecticut,Bridgeport,57427,0,0.5,0.6,0
Connecticut,Bridgeport,57436,0,0.1,1,0
Connecticut,Bridgeport,666,0,0.4,1,0
Connecticut,Bridgeport,a,0,0.75,0.88,0
Connecticut,Bridgeport,a2,0,0.75,1,0
Connecticut,Bridgeport,b2,0,0.3,0.8,0
Connecticut,Bridgeport,b3,0,0.15,1,0
Connecticut,Bridgeport,b4,0,0.2,1,0
Connecticut,Bridgeport,b5,0,0.6,0.51,0
Connecticut,Bridgeport,c1,0,0.25,1,0
Connecticut,Bridgeport,c2,0,0.5,0.7,0
Connecticut,Bridgeport,c3,0,0.8,0.7,0
Connecticut,Bridgeport,c4,0,0.1,1,0
Connecticut,Bridgeport,d10,0,0.3,0.6,0
Connecticut,Bridgeport,d2,0,0.5,1,0
Connecticut,Bridgeport,d3,0,0.5,0.5,0
Connecticut,Bridgeport,d6,0,0.5,0.5,0
Connecticut,Bridgeport,d6b,0,0.25,1,0
Connecticut,Bridgeport,d7,0,0.4,1,0
Connecticut,Bridgeport,d8,0,0.7,0.55,0
Connecticut,Bridgeport,d9,1,0.5,0.5,0
Delaware,Wilmington,52966,1,0.85,1,0
Delaware,Wilmington,sub1,0,0.5,0.5,0
Delaware,Wilmington,31720,1,0.8,0.8,0
Delaware,Wilmington,31828,0,0.5,0.5,0
Delaware,Wilmington,32008,0,0.7,0.6,0
Delaware,Wilmington,33550,0,0.7,0.6,0
Delaware,Wilmington,43924,0,0.6,0.7,0
Delaware,Wilmington,44383,1,0.6,0.7,0
Delaware,Wilmington,52807,0,0.66,1,0
Delaware,Wilmington,57337,1,0.7,0.6,0
Delaware,Wilmington,57346,0,0.1,0.5,0
Delaware,Wilmington,57394,1,0.3,0.8,0
Delaware,Wilmington,57427,1,0.65,0.5,0
Delaware,Wilmington,57436,0,0.2,1,0
Delaware,Wilmington,666,0,0.3,1,0
Delaware,Wilmington,a,1,0.8,0.8,0
Delaware,Wilmington,a2,1,0.9,0.85,0
Delaware,Wilmington,b2,1,0.8,1,0
Delaware,Wilmington,b3,0,0.4,0.5,0
Delaware,Wilmington,b4,1,0.5,0.5,0
Delaware,Wilmington,b5,0,0.83,0.9,0
Delaware,Wilmington,c1,0,0.5,0.8,0
Delaware,Wilmington,c2,1,0.4,0.5,0
Delaware,Wilmington,c3,1,0.9,0.8,0
Delaware,Wilmington,c4,0,0.3,1,0
Delaware,Wilmington,d10,0,0.5,0.5,0
Delaware,Wilmington,d2,0,0.5,1,0
Delaware,Wilmington,d3,1,0.6,0.8,0
Delaware,Wilmington,d6,1,0.7,0.5,0
Delaware,Wilmington,d6b,1,0.75,1,0
Delaware,Wilmington,d7,0,0.6,1,0
Delaware,Wilmington,d8,1,0.8,1,0
Delaware,Wilmington,d9,1,0.5,0.5,0
Florida,Jacksonville,52966,0,0.5,0.75,0
Florida,Jacksonville,sub1,1,0.6,0.7,0
Florida,Jacksonville,31720,0,0.35,1,0
Florida,Jacksonville,31828,0,0.5,1,0
Florida,Jacksonville,32008,0,0.8,1,0
Florida,Jacksonville,33550,0,0.8,0.5,0
Florida,Jacksonville,43924,0,0.4,0.5,0
Florida,Jacksonville,44383,1,0.7,0.6,0
Florida,Jacksonville,52807,0,0.44,1,0
Florida,Jacksonville,57337,1,0.5,0.9,0
Florida,Jacksonville,57346,1,1,1,0
Florida,Jacksonville,57394,0,0.05,1,0
Florida,Jacksonville,57427,1,0.5,0.7,0
Florida,Jacksonville,57436,0,0.3,1,0
Florida,Jacksonville,666,0,0.4,1,0
Florida,Jacksonville,a,0,0.1,1,0
Florida,Jacksonville,a2,0,0.7,1,0
Florida,Jacksonville,b2,1,0.75,1,0
Florida,Jacksonville,b3,1,0.7,0.7,0
Florida,Jacksonville,b4,0,0.3,0.9,0
Florida,Jacksonville,b5,0,0.85,1,0
Florida,Jacksonville,c1,0,0.1,1,0
Florida,Jacksonville,c2,1,0.7,1,0
Florida,Jacksonville,c3,1,0.7,1,0
Florida,Jacksonville,c4,0,0.25,0.8,0
Florida,Jacksonville,d10,0,0.3,0.85,0
Florida,Jacksonville,d2,0,0.5,1,0
Florida,Jacksonville,d3,1,0.6,0.9,0
Florida,Jacksonville,d6,0,0.1,1,0
Florida,Jacksonville,d6b,0,0.5,0.5,0
Florida,Jacksonville,d7,0,0.3,1,0
Florida,Jacksonville,d8,0,0.45,0.7,0
Florida,Jacksonville,d9,0,0.4,0.6,0
Georgia,Atlanta,52966,1,0.9,1,1
Georgia,Atlanta,sub1,1,0.7,0.6,1
Georgia,Atlanta,31720,1,0.9,1,1
Georgia,Atlanta,31828,1,0.5,1,1
Georgia,Atlanta,32008,1,0.9,0.8,1
Georgia,Atlanta,33550,1,1,1,1
Georgia,Atlanta,43924,1,0.8,0.8,1
Georgia,Atlanta,44383,1,0.6,0.7,1
Georgia,Atlanta,52807,1,0.77,0.88,1
Georgia,Atlanta,57337,1,0.9,0.8,1
Georgia,Atlanta,57346,1,1,1,1
Georgia,Atlanta,57394,1,0.8,0.8,1
Georgia,Atlanta,57427,1,0.75,0.5,1
Georgia,Atlanta,57436,1,0.7,1,1
Georgia,Atlanta,666,1,0.9,1,1
Georgia,Atlanta,a,1,0.97,1,1
Georgia,Atlanta,a2,1,0.95,0.95,1
Georgia,Atlanta,b2,1,0.85,1,1
Georgia,Atlanta,b3,0,0.1,1,1
Georgia,Atlanta,b4,1,0.9,1,1
Georgia,Atlanta,b5,1,1,1,1
Georgia,Atlanta,c1,1,0.85,0.9,1
Georgia,Atlanta,c2,1,0.8,0.7,1
Georgia,Atlanta,c3,1,1,1,1
Georgia,Atlanta,c4,1,0.9,0.8,1
Georgia,Atlanta,d10,1,0.9,0.9,1
Georgia,Atlanta,d2,0,0.5,0.6,1
Georgia,Atlanta,d3,1,0.8,1,1
Georgia,Atlanta,d6,1,0.9,1,1
Georgia,Atlanta,d6b,1,0.75,0.5,1
Georgia,Atlanta,d7,1,0.9,0.9,1
Georgia,Atlanta,d8,1,0.09,1,1
Georgia,Atlanta,d9,0,0.3,0.55,1
Hawaii,Honolulu,52966,1,0.75,1,1
Hawaii,Honolulu,sub1,1,0.9,0.9,1
Hawaii,Honolulu,31720,1,0.85,1,1
Hawaii,Honolulu,31828,0,0.5,1,1
Hawaii,Honolulu,32008,1,1,1,1
Hawaii,Honolulu,33550,1,1,1,1
Hawaii,Honolulu,43924,1,0.8,0.8,1
Hawaii,Honolulu,44383,1,0.7,0.8,1
Hawaii,Honolulu,52807,1,0.88,0.99,1
Hawaii,Honolulu,57337,1,0.95,1,1
Hawaii,Honolulu,57346,1,1,1,1
Hawaii,Honolulu,57394,1,0.9,1,1
Hawaii,Honolulu,57427,1,0.9,0.8,1
Hawaii,Honolulu,57436,1,0.95,1,1
Hawaii,Honolulu,666,1,0.8,1,1
Hawaii,Honolulu,a,1,0.98,1,1
Hawaii,Honolulu,a2,1,1,1,1
Hawaii,Honolulu,b2,1,0.9,0.8,1
Hawaii,Honolulu,b3,1,0.95,1,1
Hawaii,Honolulu,b4,1,0.8,0.8,1
Hawaii,Honolulu,b5,1,0.95,1,1
Hawaii,Honolulu,c1,1,0.85,1,1
Hawaii,Honolulu,c2,1,0.7,0.8,1
Hawaii,Honolulu,c3,1,0.9,0.9,1
Hawaii,Honolulu,c4,1,0.9,1,1
Hawaii,Honolulu,d10,1,0.9,0.9,1
Hawaii,Honolulu,d2,1,0.7,1,1
Hawaii,Honolulu,d3,1,0.9,1,1
Hawaii,Honolulu,d6,1,0.5,1,1
Hawaii,Honolulu,d6b,1,0.8,1,1
Hawaii,Honolulu,d7,1,0.8,0.9,1
Hawaii,Honolulu,d8,1,0.75,0.65,1
Hawaii,Honolulu,d9,1,0.8,0.8,1
Idaho,Boise,52966,1,0.5,0.6,1
Idaho,Boise,sub1,0,0.6,0.5,1
Idaho,Boise,31720,1,0.8,0.7,1
Idaho,Boise,31828,0,0.4,1,1
Idaho,Boise,32008,1,0.75,1,1
Idaho,Boise,33550,0,0.9,0.8,1
Idaho,Boise,43924,1,0.7,0.7,1
Idaho,Boise,44383,1,0.6,0.6,1
Idaho,Boise,52807,1,0.66,0.99,1
Idaho,Boise,57337,0,0.5,0.5,1
Idaho,Boise,57346,0,0.8,1,1
Idaho,Boise,57394,1,0.75,1,1
Idaho,Boise,57427,1,0.8,0.76,1
Idaho,Boise,57436,1,0.7,1,1
Idaho,Boise,666,1,0.7,1,1
Idaho,Boise,a,1,0.83,1,1
Idaho,Boise,a2,1,0.9,0.9,1
Idaho,Boise,b2,1,0.85,1,1
Idaho,Boise,b3,0,0.48,0.5,1
Idaho,Boise,b4,1,0.7,0.5,1
Idaho,Boise,b5,1,0.95,1,1
Idaho,Boise,c1,1,0.65,1,1
Idaho,Boise,c2,1,0.7,0.8,1
Idaho,Boise,c3,1,0.8,0.8,1
Idaho,Boise,c4,1,0.8,1,1
Idaho,Boise,d10,1,0.75,0.6,1
Idaho,Boise,d2,0,0.5,0.5,1
Idaho,Boise,d3,1,0.6,0.8,1
Idaho,Boise,d6,0,0.5,0.5,1
Idaho,Boise,d6b,1,1,1,1
Idaho,Boise,d7,1,0.7,0.95,1
Idaho,Boise,d8,1,0.45,0.8,1
Idaho,Boise,d9,1,0.5,0.5,1
Illinois,Chicago,52966,0,0.4,1,0
Illinois,Chicago,sub1,1,0.7,0.6,0
Illinois,Chicago,31720,0,0.8,1,0
Illinois,Chicago,31828,0,0.01,1,0
Illinois,Chicago,32008,0,0.65,1,0
Illinois,Chicago,33550,1,1,1,0
Illinois,Chicago,43924,1,0.95,1,0
Illinois,Chicago,44383,1,0.9,0.95,0
Illinois,Chicago,52807,1,0.95,0.88,0
Illinois,Chicago,57337,1,0.6,0.7,0
Illinois,Chicago,57346,1,1,1,0
Illinois,Chicago,57394,0,0.45,0.85,0
Illinois,Chicago,57427,1,0.9,0.5,0
Illinois,Chicago,57436,0,0.5,1,0
Illinois,Chicago,666,0,0.8,0.9,0
Illinois,Chicago,a,1,1,1,0
Illinois,Chicago,a2,0,0.75,0.9,0
Illinois,Chicago,b2,1,0.9,0.75,0
Illinois,Chicago,b3,0,0.18,1,0
Illinois,Chicago,b4,0,0.6,0.5,0
Illinois,Chicago,b5,1,0.85,0.85,0
Illinois,Chicago,c1,0,0.75,0.8,0
Illinois,Chicago,c2,1,0.7,1,0
Illinois,Chicago,c3,1,0.9,0.8,0
Illinois,Chicago,c4,0,0.3,0.9,0
Illinois,Chicago,d10,1,0.95,0.9,0
Illinois,Chicago,d2,0,0.7,1,0
Illinois,Chicago,d3,1,0.8,0.95,0
Illinois,Chicago,d6,1,0.9,1,0
Illinois,Chicago,d6b,1,0.75,0.5,0
Illinois,Chicago,d7,0,0.7,1,0
Illinois,Chicago,d8,1,0.95,1,0
Illinois,Chicago,d9,1,0.5,0.5,0
Indiana,Indianapolis,52966,1,0.7,0.6,1
Indiana,Indianapolis,sub1,0,0.5,0.5,1
Indiana,Indianapolis,31720,1,0.85,0.65,1
Indiana,Indianapolis,31828,1,0.5,1,1
Indiana,Indianapolis,32008,1,0.85,1,1
Indiana,Indianapolis,33550,1,0.8,1,1
Indiana,Indianapolis,43924,1,0.7,0.8,1
Indiana,Indianapolis,44383,1,0.95,1,1
Indiana,Indianapolis,52807,1,0.88,0.88,1
Indiana,Indianapolis,57337,1,0.4,0.6,1
Indiana,Indianapolis,57346,1,1,1,1
Indiana,Indianapolis,57394,1,0.85,0.8,1
Indiana,Indianapolis,57427,0,0.7,0.55,1
Indiana,Indianapolis,57436,1,0.8,1,1
Indiana,Indianapolis,666,1,0.7,1,1
Indiana,Indianapolis,a,1,0.9,1,1
Indiana,Indianapolis,a2,1,0.9,0.6,1
Indiana,Indianapolis,b2,1,0.8,1,1
Indiana,Indianapolis,b3,1,0.62,0.6,1
Indiana,Indianapolis,b4,1,0.7,0.7,1
Indiana,Indianapolis,b5,1,0.9,0.91,1
Indiana,Indianapolis,c1,1,0.86,1,1
Indiana,Indianapolis,c2,0,0.8,0.5,1
Indiana,Indianapolis,c3,1,0.9,0.9,1
Indiana,Indianapolis,c4,1,0.85,1,1
Indiana,Indianapolis,d10,1,0.8,0.6,1
Indiana,Indianapolis,d2,1,0.5,0.5,1
Indiana,Indianapolis,d3,1,0.8,1,1
Indiana,Indianapolis,d6,1,0.8,1,1
Indiana,Indianapolis,d6b,1,0.75,1,1
Indiana,Indianapolis,d7,1,0.8,0.9,1
Indiana,Indianapolis,d8,1,0.95,1,1
Indiana,Indianapolis,d9,1,0.8,0.5,1
Iowa,Des_Moines,52966,1,0.6,0.7,1
Iowa,Des_Moines,sub1,1,0.6,0.6,1
Iowa,Des_Moines,31720,1,0.75,1,1
Iowa,Des_Moines,31828,0,0.5,1,1
Iowa,Des_Moines,32008,1,0.7,0.9,1
Iowa,Des_Moines,33550,0,0.4,0.8,1
Iowa,Des_Moines,43924,0,0.4,0.5,1
Iowa,Des_Moines,44383,1,0.6,0.55,1
Iowa,Des_Moines,52807,1,0.66,0.99,1
Iowa,Des_Moines,57337,1,0.5,0.5,1
Iowa,Des_Moines,57346,0,0.5,0.5,1
Iowa,Des_Moines,57394,1,0.88,1,1
Iowa,Des_Moines,57427,1,0.6,0.55,1
Iowa,Des_Moines,57436,1,0.7,0.9,1
Iowa,Des_Moines,666,1,0.7,1,1
Iowa,Des_Moines,a,1,0.83,1,1
Iowa,Des_Moines,a2,1,0.8,0.6,1
Iowa,Des_Moines,b2,1,0.7,1,1
Iowa,Des_Moines,b3,0,0.43,0.5,1
Iowa,Des_Moines,b4,1,0.7,0.7,1
Iowa,Des_Moines,b5,1,0.9,0.85,1
Iowa,Des_Moines,c1,1,0.9,1,1
Iowa,Des_Moines,c2,1,0.4,0.8,1
Iowa,Des_Moines,c3,1,0.9,0.9,1
Iowa,Des_Moines,c4,1,0.07,0.9,1
Iowa,Des_Moines,d10,1,0.6,0.5,1
Iowa,Des_Moines,d2,0,0.5,0.5,1
Iowa,Des_Moines,d3,1,0.8,0.9,1
Iowa,Des_Moines,d6,1,0.5,0.5,1
Iowa,Des_Moines,d6b,1,0.75,0.6,1
Iowa,Des_Moines,d7,1,0.7,0.9,1
Iowa,Des_Moines,d8,1,0.85,1,1
Iowa,Des_Moines,d9,1,0.6,0.5,1
Kansas,Wichita,52966,1,0.75,0.85,0
Kansas,Wichita,sub1,0,0.6,0.5,0
Kansas,Wichita,31720,0,0.67,1,0
Kansas,Wichita,31828,1,0.5,0.5,0
Kansas,Wichita,32008,0,0.7,1,0
Kansas,Wichita,33550,0,0.5,0.5,0
Kansas,Wichita,43924,1,0.7,0.7,0
Kansas,Wichita,44383,0,0.4,0.6,0
Kansas,Wichita,52807,1,0.55,0.99,0
Kansas,Wichita,57337,1,0.4,0.6,0
Kansas,Wichita,57346,1,0.85,1,0
Kansas,Wichita,57394,0,0.15,1,0
Kansas,Wichita,57427,0,0.6,0.75,0
Kansas,Wichita,57436,0,0.7,1,0
Kansas,Wichita,666,0,0.6,1,0
Kansas,Wichita,a,1,0.82,1,0
Kansas,Wichita,a2,0,0.8,0.75,0
Kansas,Wichita,b2,0,0.6,1,0
Kansas,Wichita,b3,1,0.55,0.6,0
Kansas,Wichita,b4,0,0.7,0.9,0
Kansas,Wichita,b5,1,0.8,0.6,0
Kansas,Wichita,c1,1,0.7,0.7,0
Kansas,Wichita,c2,0,0.5,0.7,0
Kansas,Wichita,c3,1,0.9,0.9,0
Kansas,Wichita,c4,0,0.6,0.7,0
Kansas,Wichita,d10,1,0.3,0.5,0
Kansas,Wichita,d2,0,0.1,1,0
Kansas,Wichita,d3,0,0.5,0.5,0
Kansas,Wichita,d6,1,0.5,0.5,0
Kansas,Wichita,d6b,1,0.6,0.5,0
Kansas,Wichita,d7,1,0.5,0.6,0
Kansas,Wichita,d8,1,0.8,1,0
Kansas,Wichita,d9,1,0.5,0.5,0
Kentucky,Louisville,52966,1,0.7,0.9,0
Kentucky,Louisville,sub1,1,0.6,0.5,0
Kentucky,Louisville,31720,0,0.5,0.8,0
Kentucky,Louisville,31828,0,0.5,0.5,0
Kentucky,Louisville,32008,0,0.7,0.8,0
Kentucky,Louisville,33550,1,0.8,1,0
Kentucky,Louisville,43924,1,0.8,0.8,0
Kentucky,Louisville,44383,0,0.6,0.6,0
Kentucky,Louisville,52807,0,0.66,0.66,0
Kentucky,Louisville,57337,0,0.5,0.6,0
Kentucky,Louisville,57346,1,0.8,0.7,0
Kentucky,Louisville,57394,0,0.25,1,0
Kentucky,Louisville,57427,1,0.8,0.7,0
Kentucky,Louisville,57436,0,0.5,0.8,0
Kentucky,Louisville,666,0,0.4,1,0
Kentucky,Louisville,a,1,0.76,0.9,0
Kentucky,Louisville,a2,0,0.8,0.85,0
Kentucky,Louisville,b2,1,0.85,0.9,0
Kentucky,Louisville,b3,1,0.68,0.6,0
Kentucky,Louisville,b4,1,0.7,0.5,0
Kentucky,Louisville,b5,1,0.8,0.65,0
Kentucky,Louisville,c1,0,0.7,0.8,0
Kentucky,Louisville,c2,0,0.6,0.6,0
Kentucky,Louisville,c3,0,0.8,1,0
Kentucky,Louisville,c4,0,0.5,0.8,0
Kentucky,Louisville,d10,1,0.4,0.5,0
Kentucky,Louisville,d2,0,0.5,0.5,0
Kentucky,Louisville,d3,1,0.5,0.7,0
Kentucky,Louisville,d6,0,0.5,0.5,0
Kentucky,Louisville,d6b,1,0.6,1,0
Kentucky,Louisville,d7,0,0.6,0.7,0
Kentucky,Louisville,d8,1,0.9,1,0
Kentucky,Louisville,d9,1,0.5,0.5,0
Louisiana,New_Orleans,52966,1,0.7,1,0
Louisiana,New_Orleans,sub1,1,0.7,0.6,0
Louisiana,New_Orleans,31720,0,0.5,1,0
Louisiana,New_Orleans,31828,0,0.5,1,0
Louisiana,New_Orleans,32008,0,0.5,1,0
Louisiana,New_Orleans,33550,1,0.9,1,0
Louisiana,New_Orleans,43924,0,0.1,0.8,0
Louisiana,New_Orleans,44383,1,0.8,0.7,0
Louisiana,New_Orleans,52807,0,0.55,0.95,0
Louisiana,New_Orleans,57337,0,0.6,0.7,0
Louisiana,New_Orleans,57346,1,0.8,1,0
Louisiana,New_Orleans,57394,0,0.5,0.9,0
Louisiana,New_Orleans,57427,0,0.9,1,0
Louisiana,New_Orleans,57436,0,0.5,1,0
Louisiana,New_Orleans,666,0,0.6,1,0
Louisiana,New_Orleans,a,1,0.87,1,0
Louisiana,New_Orleans,a2,0,0.95,1,0
Louisiana,New_Orleans,b2,0,0.75,0.9,0
Louisiana,New_Orleans,b3,0,0.32,0.6,0
Louisiana,New_Orleans,b4,1,0.7,0.8,0
Louisiana,New_Orleans,b5,1,0.8,0.8,0
Louisiana,New_Orleans,c1,0,0.8,1,0
Louisiana,New_Orleans,c2,0,0.8,1,0
Louisiana,New_Orleans,c3,0,0.8,0.9,0
Louisiana,New_Orleans,c4,0,0.5,1,0
Louisiana,New_Orleans,d10,1,0.8,0.6,0
Louisiana,New_Orleans,d2,0,0.5,0.5,0
Louisiana,New_Orleans,d3,1,0.6,0.6,0
Louisiana,New_Orleans,d6,1,0.9,0.9,0
Louisiana,New_Orleans,d6b,1,0.75,0.5,0
Louisiana,New_Orleans,d7,0,0.8,1,0
Louisiana,New_Orleans,d8,1,0.95,1,0
Louisiana,New_Orleans,d9,1,0.8,0.9,0
Maine,Portland,52966,1,0.55,0.7,0
Maine,Portland,sub1,1,0.7,0.8,0
Maine,Portland,31720,0,0.45,0.6,0
Maine,Portland,31828,0,0.5,1,0
Maine,Portland,32008,1,0.7,0.6,0
Maine,Portland,33550,1,0.7,0.5,0
Maine,Portland,43924,1,0.6,0.5,0
Maine,Portland,44383,1,0.6,0.6,0
Maine,Portland,52807,1,0.55,0.77,0
Maine,Portland,57337,1,0.7,0.6,0
Maine,Portland,57346,0,0.5,0.5,0
Maine,Portland,57394,0,0.6,1,0
Maine,Portland,57427,1,0.55,0.5,0
Maine,Portland,57436,0,0.4,1,0
Maine,Portland,666,0,0.5,1,0
Maine,Portland,a,1,0.8,1,0
Maine,Portland,a2,0,0.75,1,0
Maine,Portland,b2,1,0.8,1,0
Maine,Portland,b3,0,0.25,0.6,0
Maine,Portland,b4,0,0.5,0.5,0
Maine,Portland,b5,1,0.8,0.7,0
Maine,Portland,c1,0,0.4,0.7,0
Maine,Portland,c2,0,0.8,1,0
Maine,Portland,c3,1,0.9,1,0
Maine,Portland,c4,0,0.6,0.6,0
Maine,Portland,d10,1,0.85,0.5,0
Maine,Portland,d2,1,0.6,0.5,0
Maine,Portland,d3,0,0.3,0.8,0
Maine,Portland,d6,1,0.7,0.6,0
Maine,Portland,d6b,1,0.75,0.5,0
Maine,Portland,d7,0,0.8,1,0
Maine,Portland,d8,1,0.9,1,0
Maine,Portland,d9,1,0.5,0.5,0
Maryland,Baltimore,52966,1,0.8,1,0
Maryland,Baltimore,sub1,1,0.7,0.6,0
Maryland,Baltimore,31720,0,0.6,0.8,0
Maryland,Baltimore,31828,0,0.5,0.5,0
Maryland,Baltimore,32008,1,0.9,0.9,0
Maryland,Baltimore,33550,1,0.09,1,0
Maryland,Baltimore,43924,1,0.8,0.8,0
Maryland,Baltimore,44383,1,0.8,0.8,0
Maryland,Baltimore,52807,1,0.77,0.88,0
Maryland,Baltimore,57337,1,0.8,0.8,0
Maryland,Baltimore,57346,1,1,1,0
Maryland,Baltimore,57394,0,0.8,0.75,0
Maryland,Baltimore,57427,1,0.7,0.52,0
Maryland,Baltimore,57436,1,0.9,1,0
Maryland,Baltimore,666,0,0.5,1,0
Maryland,Baltimore,a,1,0.87,1,0
Maryland,Baltimore,a2,0,0.75,0.75,0
Maryland,Baltimore,b2,0,0.2,1,0
Maryland,Baltimore,b3,0,0.3,0.7,0
Maryland,Baltimore,b4,1,0.6,0.6,0
Maryland,Baltimore,b5,1,0.9,0.8,0
Maryland,Baltimore,c1,1,0.8,1,0
Maryland,Baltimore,c2,1,0.8,1,0
Maryland,Baltimore,c3,1,0.9,0.8,0
Maryland,Baltimore,c4,0,0.4,1,0
Maryland,Baltimore,d10,1,0.9,0.85,0
Maryland,Baltimore,d2,0,0.5,0.5,0
Maryland,Baltimore,d3,1,0.7,0.8,0
Maryland,Baltimore,d6,1,0.8,0.6,0
Maryland,Baltimore,d6b,1,0.75,0.75,0
Maryland,Baltimore,d7,0,0.7,1,0
Maryland,Baltimore,d8,1,0.85,1,0
Maryland,Baltimore,d9,1,0.8,0.5,0
Massachusetts,Boston,52966,1,0.95,1,1
Massachusetts,Boston,sub1,1,1,1,1
Massachusetts,Boston,31720,1,0.95,1,1
Massachusetts,Boston,31828,1,1,1,1
Massachusetts,Boston,32008,1,1,1,1
Massachusetts,Boston,33550,1,1,1,1
Massachusetts,Boston,43924,1,1,1,1
Massachusetts,Boston,44383,1,1,1,1
Massachusetts,Boston,52807,1,0.88,1,1
Massachusetts,Boston,57337,0,1,1,1
Massachusetts,Boston,57346,1,1,1,1
Massachusetts,Boston,57394,1,0.99,1,1
Massachusetts,Boston,57427,1,1,1,1
Massachusetts,Boston,57436,1,0.95,1,1
Massachusetts,Boston,666,1,1,1,1
Massachusetts,Boston,a,1,1,1,1
Massachusetts,Boston,a2,1,0.95,1,1
Massachusetts,Boston,b2,1,0.95,1,1
Massachusetts,Boston,b3,1,0.95,1,1
Massachusetts,Boston,b4,1,0.9,1,1
Massachusetts,Boston,b5,1,1,1,1
Massachusetts,Boston,c1,1,0.9,1,1
Massachusetts,Boston,c2,1,1,1,1
Massachusetts,Boston,c3,1,1,1,1
Massachusetts,Boston,c4,1,1,1,1
Massachusetts,Boston,d10,1,1,1,1
Massachusetts,Boston,d2,1,1,1,1
Massachusetts,Boston,d3,1,0.9,1,1
Massachusetts,Boston,d6,1,1,1,1
Massachusetts,Boston,d6b,1,1,1,1
Massachusetts,Boston,d7,1,1,1,1
Massachusetts,Boston,d8,1,1,1,1
Massachusetts,Boston,d9,1,1,1,1
Michigan,Detroit,52966,1,0.75,0.8,0
Michigan,Detroit,sub1,1,0.7,0.6,0
Michigan,Detroit,31720,0,0.7,0.75,0
Michigan,Detroit,31828,0,0.5,1,0
Michigan,Detroit,32008,1,0.85,0.7,0
Michigan,Detroit,33550,1,0.9,1,0
Michigan,Detroit,43924,1,0.9,0.9,0
Michigan,Detroit,44383,1,0.85,0.85,0
Michigan,Detroit,52807,1,0.88,0.99,0
Michigan,Detroit,57337,1,0.8,0.7,0
Michigan,Detroit,57346,0,0.8,1,0
Michigan,Detroit,57394,0,0.4,0.9,0
Michigan,Detroit,57427,1,0.8,0.5,0
Michigan,Detroit,57436,0,0.7,1,0
Michigan,Detroit,666,0,0.5,1,0
Michigan,Detroit,a,1,0.94,1,0
Michigan,Detroit,a2,0,0.85,0.95,0
Michigan,Detroit,b2,1,0.8,1,0
Michigan,Detroit,b3,0,0.16,0.8,0
Michigan,Detroit,b4,0,0.7,0.6,0
Michigan,Detroit,b5,1,0.85,0.9,0
Michigan,Detroit,c1,0,0.7,1,0
Michigan,Detroit,c2,0,0.7,0.7,0
Michigan,Detroit,c3,0,0.8,1,0
Michigan,Detroit,c4,0,0.4,0.7,0
Michigan,Detroit,d10,1,0.95,0.9,0
Michigan,Detroit,d2,1,0.8,0.5,0
Michigan,Detroit,d3,1,0.9,1,0
Michigan,Detroit,d6,1,0.9,1,0
Michigan,Detroit,d6b,1,0.75,0.75,0
Michigan,Detroit,d7,0,0.8,1,0
Michigan,Detroit,d8,1,0.8,0.9,0
Michigan,Detroit,d9,0,0.3,0.6,0
Minnesota,Minneapolis,52966,1,0.75,0.75,0
Minnesota,Minneapolis,sub1,0,0.6,0.6,0
Minnesota,Minneapolis,31720,1,0.6,0.6,0
Minnesota,Minneapolis,31828,0,0.5,1,0
Minnesota,Minneapolis,32008,1,0.85,0.8,0
Minnesota,Minneapolis,33550,0,0.8,1,0
Minnesota,Minneapolis,43924,1,0.8,0.8,0
Minnesota,Minneapolis,44383,1,0.7,0.65,0
Minnesota,Minneapolis,52807,0,0.44,0.66,0
Minnesota,Minneapolis,57337,1,0.4,0.6,0
Minnesota,Minneapolis,57346,1,1,1,0
Minnesota,Minneapolis,57394,0,0.5,0.5,0
Minnesota,Minneapolis,57427,0,0.85,0.65,0
Minnesota,Minneapolis,57436,0,0.7,0.9,0
Minnesota,Minneapolis,666,1,0.7,0.5,0
Minnesota,Minneapolis,a,1,0.9,0.9,0
Minnesota,Minneapolis,a2,1,0.85,0.75,0
Minnesota,Minneapolis,b2,1,0.85,1,0
Minnesota,Minneapolis,b3,1,0.6,0.5,0
Minnesota,Minneapolis,b4,1,0.8,0.6,0
Minnesota,Minneapolis,b5,1,0.75,0.6,0
Minnesota,Minneapolis,c1,0,0.7,0.7,0
Minnesota,Minneapolis,c2,1,0.7,0.6,0
Minnesota,Minneapolis,c3,1,0.8,0.7,0
Minnesota,Minneapolis,c4,0,0.8,0.6,0
Minnesota,Minneapolis,d10,1,0.95,0.9,0
Minnesota,Minneapolis,d2,0,0.8,0.5,0
Minnesota,Minneapolis,d3,1,0.9,1,0
Minnesota,Minneapolis,d6,1,0.9,1,0
Minnesota,Minneapolis,d6b,1,0.75,0.75,0
Minnesota,Minneapolis,d7,0,0.6,1,0
Minnesota,Minneapolis,d8,1,0.9,1,0
Minnesota,Minneapolis,d9,1,0.6,0.5,0
Mississippi,Jackson,52966,1,0.7,0.65,1
Mississippi,Jackson,sub1,1,0.6,0.5,1
Mississippi,Jackson,31720,1,0.55,0.55,1
Mississippi,Jackson,31828,0,0.5,1,1
Mississippi,Jackson,32008,1,0.8,0.75,1
Mississippi,Jackson,33550,0,0.7,0.8,1
Mississippi,Jackson,43924,1,0.8,0.6,1
Mississippi,Jackson,44383,0,0.5,0.5,1
Mississippi,Jackson,52807,1,0.55,0.99,1
Mississippi,Jackson,57337,0,0.9,0.5,1
Mississippi,Jackson,57346,0,0.5,0.5,1
Mississippi,Jackson,57394,1,0.6,0.6,1
Mississippi,Jackson,57427,1,0.6,0.55,1
Mississippi,Jackson,57436,1,0.6,1,1
Mississippi,Jackson,666,1,0.8,1,1
Mississippi,Jackson,a,1,0.89,0.9,1
Mississippi,Jackson,a2,1,0.7,0.6,1
Mississippi,Jackson,b2,1,0.7,0.8,1
Mississippi,Jackson,b3,1,0.73,1,1
Mississippi,Jackson,b4,0,0.4,0.7,1
Mississippi,Jackson,b5,0,0.5,0.53,1
Mississippi,Jackson,c1,1,0.75,0.8,1
Mississippi,Jackson,c2,1,0.7,0.6,1
Mississippi,Jackson,c3,1,0.8,0.6,1
Mississippi,Jackson,c4,1,0.75,0.6,1
Mississippi,Jackson,d10,1,0.7,0.5,1
Mississippi,Jackson,d2,0,0.3,0.5,1
Mississippi,Jackson,d3,0,0.5,0.5,1
Mississippi,Jackson,d6,0,0.5,0.5,1
Mississippi,Jackson,d6b,1,0.5,0.6,1
Mississippi,Jackson,d7,1,0.7,0.6,1
Mississippi,Jackson,d8,1,0.75,0.65,1
Mississippi,Jackson,d9,0,0.3,0.5,1
Missouri,Kansas_City,52966,0,0.55,0.6,0
Missouri,Kansas_City,sub1,1,0.4,0.6,0
Missouri,Kansas_City,31720,0,0.5,0.52,0
Missouri,Kansas_City,31828,0,0.5,1,0
Missouri,Kansas_City,32008,0,0.2,0.8,0
Missouri,Kansas_City,33550,1,0.9,1,0
Missouri,Kansas_City,43924,0,0.1,0.8,0
Missouri,Kansas_City,44383,0,0.3,0.6,0
Missouri,Kansas_City,52807,0,0.55,0.55,0
Missouri,Kansas_City,57337,1,0.6,0.7,0
Missouri,Kansas_City,57346,0,0.1,1,0
Missouri,Kansas_City,57394,1,0.6,0.65,0
Missouri,Kansas_City,57427,1,0.6,0.5,0
Missouri,Kansas_City,57436,0,0.2,1,0
Missouri,Kansas_City,666,0,0.6,1,0
Missouri,Kansas_City,a,0,0.45,0.9,0
Missouri,Kansas_City,a2,0,0.75,0.75,0
Missouri,Kansas_City,b2,1,0.7,0.8,0
Missouri,Kansas_City,b3,0,0.08,0.7,0
Missouri,Kansas_City,b4,1,0.2,0.8,0
Missouri,Kansas_City,b5,0,0.01,1,0
Missouri,Kansas_City,c1,0,0.5,0.5,0
Missouri,Kansas_City,c2,0,0.5,0.5,0
Missouri,Kansas_City,c3,0,0.8,0.6,0
Missouri,Kansas_City,c4,1,0.7,0.65,0
Missouri,Kansas_City,d10,1,0.4,0.5,0
Missouri,Kansas_City,d2,0,0.8,0.5,0
Missouri,Kansas_City,d3,0,0.2,1,0
Missouri,Kansas_City,d6,1,0.7,0.6,0
Missouri,Kansas_City,d6b,1,0.5,0.5,0
Missouri,Kansas_City,d7,0,0.5,0.9,0
Missouri,Kansas_City,d8,1,0.8,0.95,0
Missouri,Kansas_City,d9,1,0.5,0.5,0
Montana,Billings,52966,1,0.65,0.75,0
Montana,Billings,sub1,0,0.3,0.6,0
Montana,Billings,31720,1,0.5,0.52,0
Montana,Billings,31828,0,0.5,1,0
Montana,Billings,32008,0,0.4,1,0
Montana,Billings,33550,0,0.2,0.8,0
Montana,Billings,43924,1,0.9,0.9,0
Montana,Billings,44383,1,0.6,0.6,0
Montana,Billings,52807,0,0.44,0.88,0
Montana,Billings,57337,1,0.5,0.5,0
Montana,Billings,57346,0,0.05,0.8,0
Montana,Billings,57394,0,0.44,1,0
Montana,Billings,57427,1,0.6,0.53,0
Montana,Billings,57436,0,0.3,1,0
Montana,Billings,666,0,0.4,1,0
Montana,Billings,a,1,0.76,0.87,0
Montana,Billings,a2,1,0.6,0.8,0
Montana,Billings,b2,0,0.15,1,0
Montana,Billings,b3,0,0.34,0.5,0
Montana,Billings,b4,0,0.4,0.5,0
Montana,Billings,b5,0,0.5,1,0
Montana,Billings,c1,0,0.6,1,0
Montana,Billings,c2,1,0.5,0.5,0
Montana,Billings,c3,1,0.8,0.9,0
Montana,Billings,c4,0,0.35,1,0
Montana,Billings,d10,1,0.7,0.5,0
Montana,Billings,d2,1,0.3,0.5,0
Montana,Billings,d3,0,0.5,0.5,0
Montana,Billings,d6,0,0.5,0.5,0
Montana,Billings,d6b,0,0.5,0.5,0
Montana,Billings,d7,0,0.5,1,0
Montana,Billings,d8,0,0.65,0.75,0
Montana,Billings,d9,1,0.5,0.5,0
Nebraska,Omaha,52966,1,0.8,0.9,0
Nebraska,Omaha,sub1,1,0.7,0.7,0
Nebraska,Omaha,31720,0,0.7,0.75,0
Nebraska,Omaha,31828,1,0.5,1,0
Nebraska,Omaha,32008,0,0.6,1,0
Nebraska,Omaha,33550,1,0.8,1,0
Nebraska,Omaha,43924,0,0.2,0.9,0
Nebraska,Omaha,44383,1,0.6,0.6,0
Nebraska,Omaha,52807,1,0.66,1,0
Nebraska,Omaha,57337,1,1,0.9,0
Nebraska,Omaha,57346,0,0.01,0.5,0
Nebraska,Omaha,57394,1,0.8,0.8,0
Nebraska,Omaha,57427,1,0.7,0.6,0
Nebraska,Omaha,57436,1,0.8,0.7,0
Nebraska,Omaha,666,0,0.4,1,0
Nebraska,Omaha,a,1,0.89,1,0
Nebraska,Omaha,a2,0,0.85,0.75,0
Nebraska,Omaha,b2,1,0.4,1,0
Nebraska,Omaha,b3,1,0.53,0.5,0
Nebraska,Omaha,b4,1,0.8,1,0
Nebraska,Omaha,b5,1,0.8,0.8,0
Nebraska,Omaha,c1,0,0.8,0.7,0
Nebraska,Omaha,c2,1,0.7,0.7,0
Nebraska,Omaha,c3,1,0.8,0.9,0
Nebraska,Omaha,c4,1,0.5,0.55,0
Nebraska,Omaha,d10,0,0.6,0.5,0
Nebraska,Omaha,d2,0,0.5,0.5,0
Nebraska,Omaha,d3,1,0.7,0.9,0
Nebraska,Omaha,d6,1,0.6,0.6,0
Nebraska,Omaha,d6b,1,0.5,0.5,0
Nebraska,Omaha,d7,0,0.7,0.9,0
Nebraska,Omaha,d8,1,0.9,1,0
Nebraska,Omaha,d9,0,0.4,0.5,0
Nevada,Las_Vegas,52966,0,0.86,0.9,0
Nevada,Las_Vegas,sub1,0,0.3,0.8,0
Nevada,Las_Vegas,31720,0,0.75,0.55,0
Nevada,Las_Vegas,31828,0,0.5,1,0
Nevada,Las_Vegas,32008,0,0.8,0.8,0
Nevada,Las_Vegas,33550,1,1,1,0
Nevada,Las_Vegas,43924,0,0.8,0.7,0
Nevada,Las_Vegas,44383,1,1,1,0
Nevada,Las_Vegas,52807,0,0.77,0.99,0
Nevada,Las_Vegas,57337,1,0.8,0.6,0
Nevada,Las_Vegas,57346,0,0.8,0.8,0
Nevada,Las_Vegas,57394,0,0.15,1,0
Nevada,Las_Vegas,57427,0,0.7,1,0
Nevada,Las_Vegas,57436,0,0.2,1,0
Nevada,Las_Vegas,666,0,0.6,1,0
Nevada,Las_Vegas,a,1,0.98,1,0
Nevada,Las_Vegas,a2,0,0.85,0.95,0
Nevada,Las_Vegas,b2,0,0.5,1,0
Nevada,Las_Vegas,b3,0,0.1,1,0
Nevada,Las_Vegas,b4,1,0.9,1,0
Nevada,Las_Vegas,b5,0,0.4,1,0
Nevada,Las_Vegas,c1,0,0.85,1,0
Nevada,Las_Vegas,c2,0,0.8,0.6,0
Nevada,Las_Vegas,c3,0,0.1,1,0
Nevada,Las_Vegas,c4,0,0.35,0.8,0
Nevada,Las_Vegas,d10,1,0.6,0.5,0
Nevada,Las_Vegas,d2,1,0.7,0.6,0
Nevada,Las_Vegas,d3,1,0.7,0.8,0
Nevada,Las_Vegas,d6,1,0.9,1,0
Nevada,Las_Vegas,d6b,1,0.5,0.5,0
Nevada,Las_Vegas,d7,0,0.7,1,0
Nevada,Las_Vegas,d8,1,0.9,0.95,0
Nevada,Las_Vegas,d9,0,0.3,0.5,0
New_Hampshire,Manchester,52966,1,0.7,0.85,0
New_Hampshire,Manchester,sub1,0,0.3,0.7,0
New_Hampshire,Manchester,31720,1,0.6,0.54,0
New_Hampshire,Manchester,31828,0,0.5,1,0
New_Hampshire,Manchester,32008,0,0.6,0.8,0
New_Hampshire,Manchester,33550,1,1,1,0
New_Hampshire,Manchester,43924,1,0.8,0.8,0
New_Hampshire,Manchester,44383,1,0.8,0.9,0
New_Hampshire,Manchester,52807,0,0.33,1,0
New_Hampshire,Manchester,57337,1,0.7,0.6,0
New_Hampshire,Manchester,57346,0,0.01,1,0
New_Hampshire,Manchester,57394,0,0.8,0.85,0
New_Hampshire,Manchester,57427,1,0.6,0.5,0
New_Hampshire,Manchester,57436,0,0.3,1,0
New_Hampshire,Manchester,666,0,0.5,1,0
New_Hampshire,Manchester,a,1,0.95,1,0
New_Hampshire,Manchester,a2,0,0.6,0.6,0
New_Hampshire,Manchester,b2,0,0.4,0.7,0
New_Hampshire,Manchester,b3,1,0.78,0.8,0
New_Hampshire,Manchester,b4,1,0.7,0.5,0
New_Hampshire,Manchester,b5,0,0.7,0.51,0
New_Hampshire,Manchester,c1,1,0.6,0.6,0
New_Hampshire,Manchester,c2,1,0.7,0.7,0
New_Hampshire,Manchester,c3,1,0.8,1,0
New_Hampshire,Manchester,c4,0,0.25,0.7,0
New_Hampshire,Manchester,d10,1,0.6,0.5,0
New_Hampshire,Manchester,d2,0,0.5,0.5,0
New_Hampshire,Manchester,d3,1,0.6,0.7,0
New_Hampshire,Manchester,d6,0,0.5,1,0
New_Hampshire,Manchester,d6b,0,0.5,0.5,0
New_Hampshire,Manchester,d7,0,0.6,0.6,0
New_Hampshire,Manchester,d8,1,0.7,0.7,0
New_Hampshire,Manchester,d9,1,0.6,0.5,0
New_Jersey,Newark,52966,0,0.6,0.85,0
New_Jersey,Newark,sub1,1,0.7,0.6,0
New_Jersey,Newark,31720,0,0.65,1,0
New_Jersey,Newark,31828,0,0.5,1,0
New_Jersey,Newark,32008,0,0.45,1,0
New_Jersey,Newark,33550,1,0.6,0.5,0
New_Jersey,Newark,43924,1,0.7,0.7,0
New_Jersey,Newark,44383,0,0.6,0.7,0
New_Jersey,Newark,52807,0,0.44,1,0
New_Jersey,Newark,57337,1,0.7,0.6,0
New_Jersey,Newark,57346,0,0.01,1,0
New_Jersey,Newark,57394,0,0.38,1,0
New_Jersey,Newark,57427,1,0.6,0.5,0
New_Jersey,Newark,57436,0,0.5,1,0
New_Jersey,Newark,666,0,0.5,1,0
New_Jersey,Newark,a,1,0.81,1,0
New_Jersey,Newark,a2,0,0.75,1,0
New_Jersey,Newark,b2,1,0.8,1,0
New_Jersey,Newark,b3,1,0.73,0.6,0
New_Jersey,Newark,b4,0,0.75,1,0
New_Jersey,Newark,b5,1,0.75,0.55,0
New_Jersey,Newark,c1,0,0.4,1,0
New_Jersey,Newark,c2,1,0.5,0.7,0
New_Jersey,Newark,c3,1,0.8,0.7,0
New_Jersey,Newark,c4,0,0.2,1,0
New_Jersey,Newark,d10,1,0.8,0.8,0
New_Jersey,Newark,d2,1,0.9,1,0
New_Jersey,Newark,d3,1,0.8,0.8,0
New_Jersey,Newark,d6,1,0.8,0.9,0
New_Jersey,Newark,d6b,1,0.5,0.5,0
New_Jersey,Newark,d7,0,0.6,1,0
New_Jersey,Newark,d8,1,0.8,0.9,0
New_Jersey,Newark,d9,1,0.7,0.6,0
New_Mexico,Albuquerque,52966,0,0.65,1,0
New_Mexico,Albuquerque,sub1,1,0.7,0.8,0
New_Mexico,Albuquerque,31720,1,0.6,0.55,0
New_Mexico,Albuquerque,31828,1,0.5,1,0
New_Mexico,Albuquerque,32008,0,0.8,0.75,0
New_Mexico,Albuquerque,33550,0,0.3,0.5,0
New_Mexico,Albuquerque,43924,1,0.7,0.6,0
New_Mexico,Albuquerque,44383,1,0.7,0.7,0
New_Mexico,Albuquerque,52807,1,0.77,0.77,0
New_Mexico,Albuquerque,57337,1,0.8,0.6,0
New_Mexico,Albuquerque,57346,1,0.8,1,0
New_Mexico,Albuquerque,57394,1,0.77,1,0
New_Mexico,Albuquerque,57427,1,0.7,0.55,0
New_Mexico,Albuquerque,57436,0,0.7,0.6,0
New_Mexico,Albuquerque,666,0,0.6,1,0
New_Mexico,Albuquerque,a,1,0.9,1,0
New_Mexico,Albuquerque,a2,1,0.75,1,0
New_Mexico,Albuquerque,b2,1,0.85,1,0
New_Mexico,Albuquerque,b3,0,0.39,0.6,0
New_Mexico,Albuquerque,b4,1,0.1,0.5,0
New_Mexico,Albuquerque,b5,1,0.75,0.6,0
New_Mexico,Albuquerque,c1,0,0.8,0.9,0
New_Mexico,Albuquerque,c2,1,0.6,1,0
New_Mexico,Albuquerque,c3,1,0.8,0.9,0
New_Mexico,Albuquerque,c4,0,0.4,0.7,0
New_Mexico,Albuquerque,d10,0,0.6,1,0
New_Mexico,Albuquerque,d2,1,0.5,0.5,0
New_Mexico,Albuquerque,d3,0,0.2,0.8,0
New_Mexico,Albuquerque,d6,1,0.5,0.5,0
New_Mexico,Albuquerque,d6b,1,0.6,0.75,0
New_Mexico,Albuquerque,d7,0,0.6,0.9,0
New_Mexico,Albuquerque,d8,0,0.75,0.9,0
New_Mexico,Albuquerque,d9,1,0.5,0.5,0
New_York,New_York,52966,0,0.3,1,0
New_York,New_York,sub1,0,0.15,1,0
New_York,New_York,31720,0,0.3,1,0
New_York,New_York,31828,0,0.4,1,0
New_York,New_York,32008,0,0.8,1,0
New_York,New_York,33550,1,1,1,0
New_York,New_York,43924,0,0.9,1,0
New_York,New_York,44383,0,0.3,1,0
New_York,New_York,52807,0,0.66,0.99,0
New_York,New_York,57337,0,1,1,0
New_York,New_York,57346,0,0.01,1,0
New_York,New_York,57394,0,0.09,1,0
New_York,New_York,57427,1,0.8,0.8,0
New_York,New_York,57436,0,0.05,1,0
New_York,New_York,666,0,0.5,1,0
New_York,New_York,a,1,1,1,0
New_York,New_York,a2,0,0.95,1,0
New_York,New_York,b2,0,0.15,1,0
New_York,New_York,b3,0,0.08,1,0
New_York,New_York,b4,0,0.15,1,0
New_York,New_York,b5,0,0.05,1,0
New_York,New_York,c1,0,0.85,1,0
New_York,New_York,c2,0,0.8,1,0
New_York,New_York,c3,0,0.1,1,0
New_York,New_York,c4,0,0.15,1,0
New_York,New_York,d10,1,1,1,0
New_York,New_York,d2,1,1,1,0
New_York,New_York,d3,1,0.9,1,0
New_York,New_York,d6,1,1,1,0
New_York,New_York,d6b,1,1,1,0
New_York,New_York,d7,0,0.6,1,0
New_York,New_York,d8,0,0.4,1,0
New_York,New_York,d9,1,1,1,0
North_Carolina,Charlotte,52966,0,0.25,0.9,0
North_Carolina,Charlotte,sub1,1,0.5,0.5,0
North_Carolina,Charlotte,31720,0,0.6,0.55,0
North_Carolina,Charlotte,31828,0,0.5,0.5,0
North_Carolina,Charlotte,32008,0,0.7,0.9,0
North_Carolina,Charlotte,33550,1,0.8,1,0
North_Carolina,Charlotte,43924,1,0.7,0.6,0
North_Carolina,Charlotte,44383,1,0.7,0.8,0
North_Carolina,Charlotte,52807,1,0.55,0.55,0
North_Carolina,Charlotte,57337,1,0.7,0.6,0
North_Carolina,Charlotte,57346,1,0.98,1,0
North_Carolina,Charlotte,57394,0,0.13,1,0
North_Carolina,Charlotte,57427,1,0.7,0.53,0
North_Carolina,Charlotte,57436,0,0.4,1,0
North_Carolina,Charlotte,666,0,0.5,1,0
North_Carolina,Charlotte,a,1,0.89,1,0
North_Carolina,Charlotte,a2,0,0.9,0.95,0
North_Carolina,Charlotte,b2,1,0.7,1,0
North_Carolina,Charlotte,b3,0,0.21,0.8,0
North_Carolina,Charlotte,b4,1,0.6,0.9,0
North_Carolina,Charlotte,b5,1,0.8,0.6,0
North_Carolina,Charlotte,c1,0,0.5,0.5,0
North_Carolina,Charlotte,c2,1,0.6,1,0
North_Carolina,Charlotte,c3,1,0.9,0.9,0
North_Carolina,Charlotte,c4,0,0.35,0.7,0
North_Carolina,Charlotte,d10,1,0.8,0.5,0
North_Carolina,Charlotte,d2,0,0.2,0.5,0
North_Carolina,Charlotte,d3,1,0.9,1,0
North_Carolina,Charlotte,d6,1,0.6,0.6,0
North_Carolina,Charlotte,d6b,1,0.5,1,0
North_Carolina,Charlotte,d7,0,0.6,1,0
North_Carolina,Charlotte,d8,0,0.7,1,0
North_Carolina,Charlotte,d9,1,0.5,0.5,0
North_Dakota,Fargo,52966,0,0.6,0.6,0
North_Dakota,Fargo,sub1,0,0.6,0.5,0
North_Dakota,Fargo,31720,0,0.6,0.68,0
North_Dakota,Fargo,31828,0,0.5,1,0
North_Dakota,Fargo,32008,0,0.7,0.8,0
North_Dakota,Fargo,33550,0,0.6,0.7,0
North_Dakota,Fargo,43924,1,0.8,0.8,0
North_Dakota,Fargo,44383,0,0.05,0.5,0
North_Dakota,Fargo,52807,0,0.55,0.55,0
North_Dakota,Fargo,57337,0,0.3,0.5,0
North_Dakota,Fargo,57346,1,0.9,0.9,0
North_Dakota,Fargo,57394,0,0.2,1,0
North_Dakota,Fargo,57427,1,0.5,0.5,0
North_Dakota,Fargo,57436,0,0.5,0.5,0
North_Dakota,Fargo,666,0,0.5,1,0
North_Dakota,Fargo,a,1,0.68,0.76,0
North_Dakota,Fargo,a2,0,0.7,0.6,0
North_Dakota,Fargo,b2,0,0.4,1,0
North_Dakota,Fargo,b3,1,0.63,0.6,0
North_Dakota,Fargo,b4,1,0.8,0.5,0
North_Dakota,Fargo,b5,0,0.75,0.65,0
North_Dakota,Fargo,c1,0,0.8,1,0
North_Dakota,Fargo,c2,1,0.5,0.5,0
North_Dakota,Fargo,c3,1,0.8,0.8,0
North_Dakota,Fargo,c4,0,0.25,1,0
North_Dakota,Fargo,d10,1,0.7,0.5,0
North_Dakota,Fargo,d2,0,0.5,0.5,0
North_Dakota,Fargo,d3,0,0.2,0.8,0
North_Dakota,Fargo,d6,1,0.6,0.5,0
North_Dakota,Fargo,d6b,1,0.5,0.5,0
North_Dakota,Fargo,d7,0,0.5,1,0
North_Dakota,Fargo,d8,1,0.8,0.6,0
North_Dakota,Fargo,d9,1,0.5,0.5,0
Ohio,Columbus,52966,1,0.75,0.8,1
Ohio,Columbus,sub1,1,0.7,0.7,1
Ohio,Columbus,31720,1,0.6,0.55,1
Ohio,Columbus,31828,1,0.4,1,1
Ohio,Columbus,32008,1,0.6,0.6,1
Ohio,Columbus,33550,1,0.9,1,1
Ohio,Columbus,43924,1,0.5,0.6,1
Ohio,Columbus,44383,0,0.2,0.9,1
Ohio,Columbus,52807,1,0.55,0.77,1
Ohio,Columbus,57337,1,0.9,0.9,1
Ohio,Columbus,57346,1,0.9,1,1
Ohio,Columbus,57394,1,0.88,1,1
Ohio,Columbus,57427,0,0.8,0.8,1
Ohio,Columbus,57436,1,0.7,1,1
Ohio,Columbus,666,1,0.8,1,1
Ohio,Columbus,a,1,0.95,1,1
Ohio,Columbus,a2,1,0.85,0.75,1
Ohio,Columbus,b2,1,0.75,1,1
Ohio,Columbus,b3,1,0.7,0.8,1
Ohio,Columbus,b4,0,0.9,0.6,1
Ohio,Columbus,b5,1,0.8,0.75,1
Ohio,Columbus,c1,1,0.8,1,1
Ohio,Columbus,c2,1,0.8,0.7,1
Ohio,Columbus,c3,1,0.8,0.9,1
Ohio,Columbus,c4,1,0.6,0.7,1
Ohio,Columbus,d10,0,0.4,0.6,1
Ohio,Columbus,d2,0,0.7,0.5,1
Ohio,Columbus,d3,1,0.8,1,1
Ohio,Columbus,d6,0,0.7,0.5,1
Ohio,Columbus,d6b,1,0.75,1,1
Ohio,Columbus,d7,1,0.6,0.6,1
Ohio,Columbus,d8,0,0.7,0.55,1
Ohio,Columbus,d9,1,0.7,1,1
Oklahoma,Oklahoma_City,52966,1,0.75,0.8,1
Oklahoma,Oklahoma_City,sub1,0,0.4,0.6,1
Oklahoma,Oklahoma_City,31720,1,0.65,0.55,1
Oklahoma,Oklahoma_City,31828,0,0.5,1,1
Oklahoma,Oklahoma_City,32008,1,0.95,1,1
Oklahoma,Oklahoma_City,33550,1,1,1,1
Oklahoma,Oklahoma_City,43924,1,0.8,0.8,1
Oklahoma,Oklahoma_City,44383,1,0.7,0.6,1
Oklahoma,Oklahoma_City,52807,1,0.77,0.77,1
Oklahoma,Oklahoma_City,57337,0,0.7,0.5,1
Oklahoma,Oklahoma_City,57346,1,0.9,0.9,1
Oklahoma,Oklahoma_City,57394,1,0.9,1,1
Oklahoma,Oklahoma_City,57427,1,0.7,0.55,1
Oklahoma,Oklahoma_City,57436,1,0.85,1,1
Oklahoma,Oklahoma_City,666,1,0.8,1,1
Oklahoma,Oklahoma_City,a,1,0.99,1,1
Oklahoma,Oklahoma_City,a2,0,0.9,0.6,1
Oklahoma,Oklahoma_City,b2,1,0.8,1,1
Oklahoma,Oklahoma_City,b3,1,0.8,1,1
Oklahoma,Oklahoma_City,b4,1,0.8,0.7,1
Oklahoma,Oklahoma_City,b5,1,0.75,0.75,1
Oklahoma,Oklahoma_City,c1,1,0.9,1,1
Oklahoma,Oklahoma_City,c2,1,0.8,0.5,1
Oklahoma,Oklahoma_City,c3,1,0.7,0.8,1
Oklahoma,Oklahoma_City,c4,1,0.9,0.8,1
Oklahoma,Oklahoma_City,d10,1,0.8,0.5,1
Oklahoma,Oklahoma_City,d2,1,0.9,0.9,1
Oklahoma,Oklahoma_City,d3,1,0.9,1,1
Oklahoma,Oklahoma_City,d6,1,0.8,0.7,1
Oklahoma,Oklahoma_City,d6b,1,1,1,1
Oklahoma,Oklahoma_City,d7,1,0.9,1,1
Oklahoma,Oklahoma_City,d8,1,0.9,0.9,1
Oklahoma,Oklahoma_City,d9,1,0.7,0.5,1
Oregon,Portland,52966,1,0.7,0.65,0
Oregon,Portland,sub1,1,0.8,0.8,0
Oregon,Portland,31720,1,0.6,0.6,0
Oregon,Portland,31828,0,0.5,1,0
Oregon,Portland,32008,0,0.8,0.8,0
Oregon,Portland,33550,1,0.7,0.6,0
Oregon,Portland,43924,1,0.8,0.7,0
Oregon,Portland,44383,1,0.8,1,0
Oregon,Portland,52807,1,0.88,0.9,0
Oregon,Portland,57337,1,0.9,0.8,0
Oregon,Portland,57346,1,0.9,1,0
Oregon,Portland,57394,1,0.8,0.9,0
Oregon,Portland,57427,1,0.8,0.55,0
Oregon,Portland,57436,0,0.6,1,0
Oregon,Portland,666,0,0.6,1,0
Oregon,Portland,a,1,0.96,1,0
Oregon,Portland,a2,0,0.8,0.9,0
Oregon,Portland,b2,0,0.5,0.6,0
Oregon,Portland,b3,1,0.72,0.7,0
Oregon,Portland,b4,1,0.85,0.9,0
Oregon,Portland,b5,1,0.9,0.75,0
Oregon,Portland,c1,0,0.75,0.8,0
Oregon,Portland,c2,1,0.9,1,0
Oregon,Portland,c3,0,0.8,0.6,0
Oregon,Portland,c4,1,0.65,0.5,0
Oregon,Portland,d10,1,0.9,0.75,0
Oregon,Portland,d2,0,0.6,0.5,0
Oregon,Portland,d3,1,0.9,1,0
Oregon,Portland,d6,1,0.8,0.6,0
Oregon,Portland,d6b,1,0.75,0.5,0
Oregon,Portland,d7,0,0.6,0.9,0
Oregon,Portland,d8,1,0.85,0.85,0
Oregon,Portland,d9,1,0.6,0.5,0
Pennsylvania,Philadelphia,52966,1,0.86,1,0
Pennsylvania,Philadelphia,sub1,1,0.8,0.8,0
Pennsylvania,Philadelphia,31720,0,0.6,1,0
Pennsylvania,Philadelphia,31828,1,0.6,1,0
Pennsylvania,Philadelphia,32008,0,0.9,0.9,0
Pennsylvania,Philadelphia,33550,1,0.8,1,0
Pennsylvania,Philadelphia,43924,1,0.8,0.7,0
Pennsylvania,Philadelphia,44383,0,0.6,1,0
Pennsylvania,Philadelphia,52807,0,0.77,0.88,0
Pennsylvania,Philadelphia,57337,1,0.7,0.6,0
Pennsylvania,Philadelphia,57346,1,0.9,1,0
Pennsylvania,Philadelphia,57394,0,0.8,0.95,0
Pennsylvania,Philadelphia,57427,1,0.9,0.8,0
Pennsylvania,Philadelphia,57436,0,0.7,1,0
Pennsylvania,Philadelphia,666,0,0.6,1,0
Pennsylvania,Philadelphia,a,1,0.75,1,0
Pennsylvania,Philadelphia,a2,0,0.85,0.95,0
Pennsylvania,Philadelphia,b2,1,0.9,1,0
Pennsylvania,Philadelphia,b3,0,0.19,1,0
Pennsylvania,Philadelphia,b4,1,0.8,1,0
Pennsylvania,Philadelphia,b5,1,0.8,0.8,0
Pennsylvania,Philadelphia,c1,1,0.7,0.6,0
Pennsylvania,Philadelphia,c2,1,0.8,1,0
Pennsylvania,Philadelphia,c3,1,0.9,1,0
Pennsylvania,Philadelphia,c4,0,0.4,0.8,0
Pennsylvania,Philadelphia,d10,1,0.95,0.9,0
Pennsylvania,Philadelphia,d2,1,0.9,0.8,0
Pennsylvania,Philadelphia,d3,1,0.9,1,0
Pennsylvania,Philadelphia,d6,1,0.9,1,0
Pennsylvania,Philadelphia,d6b,1,0.75,1,0
Pennsylvania,Philadelphia,d7,0,0.9,1,0
Pennsylvania,Philadelphia,d8,1,0.9,1,0
Pennsylvania,Philadelphia,d9,1,0.85,0.7,0
Rhode_Island,Providence,52966,1,0.85,0.9,1
Rhode_Island,Providence,sub1,1,0.8,0.9,1
Rhode_Island,Providence,31720,1,0.8,0.8,1
Rhode_Island,Providence,31828,1,0.5,1,1
Rhode_Island,Providence,32008,1,0.9,1,1
Rhode_Island,Providence,33550,1,1,1,1
Rhode_Island,Providence,43924,1,0.6,0.6,1
Rhode_Island,Providence,44383,1,0.7,1,1
Rhode_Island,Providence,52807,1,0.88,1,1
Rhode_Island,Providence,57337,1,0.9,0.8,1
Rhode_Island,Providence,57346,0,1,1,1
Rhode_Island,Providence,57394,1,0.85,1,1
Rhode_Island,Providence,57427,1,0.7,0.55,1
Rhode_Island,Providence,57436,1,0.95,1,1
Rhode_Island,Providence,666,1,0.8,1,1
Rhode_Island,Providence,a,1,0.8,1,1
Rhode_Island,Providence,a2,1,0.95,1,1
Rhode_Island,Providence,b2,1,0.9,1,1
Rhode_Island,Providence,b3,1,0.74,0.8,1
Rhode_Island,Providence,b4,1,0.6,0.7,1
Rhode_Island,Providence,b5,1,0.8,0.8,1
Rhode_Island,Providence,c1,1,0.8,1,1
Rhode_Island,Providence,c2,1,0.9,1,1
Rhode_Island,Providence,c3,0,0.8,0.7,1
Rhode_Island,Providence,c4,1,0.85,0.7,1
Rhode_Island,Providence,d10,1,0.9,0.8,1
Rhode_Island,Providence,d2,1,0.8,0.9,1
Rhode_Island,Providence,d3,1,0.9,1,1
Rhode_Island,Providence,d6,1,0.7,0.9,1
Rhode_Island,Providence,d6b,1,0.75,1,1
Rhode_Island,Providence,d7,1,0.9,0.9,1
Rhode_Island,Providence,d8,1,0.95,1,1
Rhode_Island,Providence,d9,1,0.7,0.7,1
South_Carolina,Columbia,52966,1,0.8,0.9,1
South_Carolina,Columbia,sub1,0,0.5,0.5,1
South_Carolina,Columbia,31720,1,0.65,0.6,1
South_Carolina,Columbia,31828,0,0.5,1,1
South_Carolina,Columbia,32008,0,0.6,1,1
South_Carolina,Columbia,33550,0,0.4,1,1
South_Carolina,Columbia,43924,1,0.6,0.6,1
South_Carolina,Columbia,44383,0,0.3,0.6,1
South_Carolina,Columbia,52807,0,0.33,1,1
South_Carolina,Columbia,57337,1,0.7,0.6,1
South_Carolina,Columbia,57346,0,0.01,1,1
South_Carolina,Columbia,57394,1,0.8,0.9,1
South_Carolina,Columbia,57427,1,0.6,0.5,1
South_Carolina,Columbia,57436,0,0.5,1,1
South_Carolina,Columbia,666,1,0.7,1,1
South_Carolina,Columbia,a,1,0.6,0.86,1
South_Carolina,Columbia,a2,1,0.6,0.6,1
South_Carolina,Columbia,b2,1,0.8,1,1
South_Carolina,Columbia,b3,0,0.42,0.5,1
South_Carolina,Columbia,b4,0,0.7,0.8,1
South_Carolina,Columbia,b5,1,0.84,0.7,1
South_Carolina,Columbia,c1,1,0.7,1,1
South_Carolina,Columbia,c2,1,0.5,0.5,1
South_Carolina,Columbia,c3,1,0.7,0.6,1
South_Carolina,Columbia,c4,1,0.6,0.7,1
South_Carolina,Columbia,d10,1,0.7,0.5,1
South_Carolina,Columbia,d2,1,0.5,0.5,1
South_Carolina,Columbia,d3,1,0.5,0.7,1
South_Carolina,Columbia,d6,1,0.6,0.5,1
South_Carolina,Columbia,d6b,0,0.5,0.5,1
South_Carolina,Columbia,d7,1,0.8,0.9,1
South_Carolina,Columbia,d8,0,0.8,0.7,1
South_Carolina,Columbia,d9,1,0.5,0.5,1
South_Dakota,Sioux_Falls,52966,1,0.4,0.5,0
South_Dakota,Sioux_Falls,sub1,1,0.6,0.7,0
South_Dakota,Sioux_Falls,31720,0,0.5,0.52,0
South_Dakota,Sioux_Falls,31828,0,0.5,1,0
South_Dakota,Sioux_Falls,32008,0,0.5,0.8,0
South_Dakota,Sioux_Falls,33550,1,0.5,0.5,0
South_Dakota,Sioux_Falls,43924,1,0.8,0.9,0
South_Dakota,Sioux_Falls,44383,0,0.03,0.55,0
South_Dakota,Sioux_Falls,52807,1,0.66,0.77,0
South_Dakota,Sioux_Falls,57337,0,0.6,0.5,0
South_Dakota,Sioux_Falls,57346,0,0.01,1,0
South_Dakota,Sioux_Falls,57394,0,0.25,1,0
South_Dakota,Sioux_Falls,57427,1,0.7,0.6,0
South_Dakota,Sioux_Falls,57436,0,0.2,1,0
South_Dakota,Sioux_Falls,666,0,0.5,1,0
South_Dakota,Sioux_Falls,a,0,0.4,0.7,0
South_Dakota,Sioux_Falls,a2,1,0.85,0.95,0
South_Dakota,Sioux_Falls,b2,1,0.7,0.6,0
South_Dakota,Sioux_Falls,b3,1,0.52,0.5,0
South_Dakota,Sioux_Falls,b4,1,0.4,0.8,0
South_Dakota,Sioux_Falls,b5,1,0.8,0.8,0
South_Dakota,Sioux_Falls,c1,0,0.5,1,0
South_Dakota,Sioux_Falls,c2,1,0.6,1,0
South_Dakota,Sioux_Falls,c3,1,0.8,0.9,0
South_Dakota,Sioux_Falls,c4,0,0.35,1,0
South_Dakota,Sioux_Falls,d10,1,0.7,0.5,0
South_Dakota,Sioux_Falls,d2,0,0.6,0.5,0
South_Dakota,Sioux_Falls,d3,0,0.5,0.6,0
South_Dakota,Sioux_Falls,d6,0,0.5,0.5,0
South_Dakota,Sioux_Falls,d6b,1,0.5,0.5,0
South_Dakota,Sioux_Falls,d7,0,0.7,1,0
South_Dakota,Sioux_Falls,d8,1,0.7,0.7,0
South_Dakota,Sioux_Falls,d9,1,0.5,0.5,0
Tennessee,Memphis,52966,0,0.6,0.6,0
Tennessee,Memphis,sub1,1,0.4,0.6,0
Tennessee,Memphis,31720,1,0.6,0.52,0
Tennessee,Memphis,31828,0,0.5,0.5,0
Tennessee,Memphis,32008,1,0.75,0.6,0
Tennessee,Memphis,33550,1,1,1,0
Tennessee,Memphis,43924,0,0.7,0.7,0
Tennessee,Memphis,44383,1,0.07,0.7,0
Tennessee,Memphis,52807,1,0.77,0.77,0
Tennessee,Memphis,57337,1,1,1,0
Tennessee,Memphis,57346,1,1,1,0
Tennessee,Memphis,57394,1,0.6,0.6,0
Tennessee,Memphis,57427,1,0.7,0.5,0
Tennessee,Memphis,57436,0,0.6,0.5,0
Tennessee,Memphis,666,0,0.5,1,0
Tennessee,Memphis,a,1,0.95,1,0
Tennessee,Memphis,a2,1,0.6,0.65,0
Tennessee,Memphis,b2,1,0.8,0.7,0
Tennessee,Memphis,b3,1,0.72,0.6,0
Tennessee,Memphis,b4,1,0.8,1,0
Tennessee,Memphis,b5,1,0.8,0.8,0
Tennessee,Memphis,c1,0,0.4,1,0
Tennessee,Memphis,c2,1,0.8,0.6,0
Tennessee,Memphis,c3,0,0.9,0.7,0
Tennessee,Memphis,c4,0,0.5,0.6,0
Tennessee,Memphis,d10,1,0.7,0.5,0
Tennessee,Memphis,d2,1,0.8,0.5,0
Tennessee,Memphis,d3,1,0.6,0.7,0
Tennessee,Memphis,d6,1,0.6,0.5,0
Tennessee,Memphis,d6b,1,0.75,0.8,0
Tennessee,Memphis,d7,0,0.7,0.7,0
Tennessee,Memphis,d8,0,0.7,0.65,0
Tennessee,Memphis,d9,1,0.5,0.5,0
Texas,Houston,52966,0,0.45,0.75,0
Texas,Houston,sub1,0,0.3,0.6,0
Texas,Houston,31720,0,0.3,1,0
Texas,Houston,31828,0,0.5,1,0
Texas,Houston,32008,0,0.45,0.75,0
Texas,Houston,33550,1,1,1,0
Texas,Houston,43924,1,0.8,0.8,0
Texas,Houston,44383,0,0.7,0.65,0
Texas,Houston,52807,0,0.55,0.77,0
Texas,Houston,57337,1,0.8,0.8,0
Texas,Houston,57346,1,1,1,0
Texas,Houston,57394,0,0.66,1,0
Texas,Houston,57427,0,0.8,1,0
Texas,Houston,57436,0,0.1,1,0
Texas,Houston,666,0,0.6,1,0
Texas,Houston,a,1,0.89,1,0
Texas,Houston,a2,0,0.85,1,0
Texas,Houston,b2,0,0.4,1,0
Texas,Houston,b3,0,0.14,1,0
Texas,Houston,b4,1,0.6,0.8,0
Texas,Houston,b5,1,0.96,0.99,0
Texas,Houston,c1,0,0.7,0.6,0
Texas,Houston,c2,0,0.8,0.8,0
Texas,Houston,c3,0,0.1,1,0
Texas,Houston,c4,0,0.3,1,0
Texas,Houston,d10,1,0.7,0.5,0
Texas,Houston,d2,1,0.7,0.6,0
Texas,Houston,d3,1,0.9,1,0
Texas,Houston,d6,1,0.9,1,0
Texas,Houston,d6b,0,0.5,1,0
Texas,Houston,d7,0,0.7,0.7,0
Texas,Houston,d8,0,0.7,0.7,0
Texas,Houston,d9,1,0.7,0.6,0
Utah,Salt_Lake_City,52966,1,0.6,0.7,1
Utah,Salt_Lake_City,sub1,1,0.7,0.7,1
Utah,Salt_Lake_City,31720,1,0.9,0.85,1
Utah,Salt_Lake_City,31828,0,0.5,1,1
Utah,Salt_Lake_City,32008,1,0.8,1,1
Utah,Salt_Lake_City,33550,1,0.8,1,1
Utah,Salt_Lake_City,43924,1,0.8,0.8,1
Utah,Salt_Lake_City,44383,1,0.8,0.7,1
Utah,Salt_Lake_City,52807,1,0.88,0.99,1
Utah,Salt_Lake_City,57337,1,0.7,0.6,1
Utah,Salt_Lake_City,57346,1,1,1,1
Utah,Salt_Lake_City,57394,1,0.95,1,1
Utah,Salt_Lake_City,57427,1,0.6,0.7,1
Utah,Salt_Lake_City,57436,1,0.9,1,1
Utah,Salt_Lake_City,666,1,0.8,1,1
Utah,Salt_Lake_City,a,1,0.78,1,1
Utah,Salt_Lake_City,a2,0,0.9,0.8,1
Utah,Salt_Lake_City,b2,1,0.85,1,1
Utah,Salt_Lake_City,b3,1,0.85,1,1
Utah,Salt_Lake_City,b4,1,0.6,0.7,1
Utah,Salt_Lake_City,b5,1,0.85,0.85,1
Utah,Salt_Lake_City,c1,1,0.85,1,1
Utah,Salt_Lake_City,c2,1,0.8,1,1
Utah,Salt_Lake_City,c3,1,0.8,0.8,1
Utah,Salt_Lake_City,c4,1,0.85,0.8,1
Utah,Salt_Lake_City,d10,1,0.8,0.5,1
Utah,Salt_Lake_City,d2,1,0.5,0.5,1
Utah,Salt_Lake_City,d3,1,0.9,1,1
Utah,Salt_Lake_City,d6,1,0.7,0.6,1
Utah,Salt_Lake_City,d6b,1,0.75,1,1
Utah,Salt_Lake_City,d7,1,0.8,0.8,1
Utah,Salt_Lake_City,d8,1,0.9,1,1
Utah,Salt_Lake_City,d9,1,0.6,0.5,1
Vermont,Burlington,52966,1,0.85,0.9,0
Vermont,Burlington,sub1,0,0.5,0.5,0
Vermont,Burlington,31720,0,0.5,1,0
Vermont,Burlington,31828,1,0.5,1,0
Vermont,Burlington,32008,0,0.5,0.5,0
Vermont,Burlington,33550,0,0.3,1,0
Vermont,Burlington,43924,1,0.6,0.6,0
Vermont,Burlington,44383,0,0.4,0.6,0
Vermont,Burlington,52807,1,0.66,0.66,0
Vermont,Burlington,57337,1,0.6,0.5,0
Vermont,Burlington,57346,0,0.01,1,0
Vermont,Burlington,57394,0,0.45,0.8,0
Vermont,Burlington,57427,1,0.6,0.5,0
Vermont,Burlington,57436,0,0.4,0.9,0
Vermont,Burlington,666,0,0.5,1,0
Vermont,Burlington,a,1,0.85,0.9,0
Vermont,Burlington,a2,0,0.8,1,0
Vermont,Burlington,b2,1,0.8,1,0
Vermont,Burlington,b3,0,0.38,0.6,0
Vermont,Burlington,b4,0,0.7,0.5,0
Vermont,Burlington,b5,1,0.8,0.8,0
Vermont,Burlington,c1,1,0.5,0.6,0
Vermont,Burlington,c2,1,0.6,0.7,0
Vermont,Burlington,c3,1,0.9,1,0
Vermont,Burlington,c4,0,0.25,1,0
Vermont,Burlington,d10,1,0.7,0.5,0
Vermont,Burlington,d2,1,0.8,0.5,0
Vermont,Burlington,d3,1,0.6,0.7,0
Vermont,Burlington,d6,0,0.6,0.6,0
Vermont,Burlington,d6b,1,0.5,0.5,0
Vermont,Burlington,d7,0,0.7,1,0
Vermont,Burlington,d8,1,0.85,1,0
Vermont,Burlington,d9,1,0.5,0.5,0
Virginia,Virginia_Beach,52966,0,0.05,1,0
Virginia,Virginia_Beach,sub1,0,0.2,0.9,0
Virginia,Virginia_Beach,31720,0,0.4,1,0
Virginia,Virginia_Beach,31828,0,0.5,1,0
Virginia,Virginia_Beach,32008,0,0.5,0.95,0
Virginia,Virginia_Beach,33550,0,0.6,0.8,0
Virginia,Virginia_Beach,43924,0,0.7,0.7,0
Virginia,Virginia_Beach,44383,0,0.4,0.6,0
Virginia,Virginia_Beach,52807,0,0.44,1,0
Virginia,Virginia_Beach,57337,0,0.7,0.7,0
Virginia,Virginia_Beach,57346,0,1,1,0
Virginia,Virginia_Beach,57394,0,0.18,1,0
Virginia,Virginia_Beach,57427,0,0.6,0.55,0
Virginia,Virginia_Beach,57436,0,0.1,1,0
Virginia,Virginia_Beach,666,0,0.4,1,0
Virginia,Virginia_Beach,a,0,0.85,0.9,0
Virginia,Virginia_Beach,a2,0,0.6,1,0
Virginia,Virginia_Beach,b2,0,0.1,1,0
Virginia,Virginia_Beach,b3,0,0.37,0.7,0
Virginia,Virginia_Beach,b4,0,0.8,0.5,0
Virginia,Virginia_Beach,b5,0,0.4,1,0
Virginia,Virginia_Beach,c1,0,0.25,1,0
Virginia,Virginia_Beach,c2,0,0.3,0.7,0
Virginia,Virginia_Beach,c3,0,1,1,0
Virginia,Virginia_Beach,c4,0,0.15,1,0
Virginia,Virginia_Beach,d10,1,0.3,0.5,0
Virginia,Virginia_Beach,d2,0,0.5,0.5,0
Virginia,Virginia_Beach,d3,0,0.4,0.7,0
Virginia,Virginia_Beach,d6,0,0.7,0.7,0
Virginia,Virginia_Beach,d6b,0,0.75,1,0
Virginia,Virginia_Beach,d7,0,0.4,1,0
Virginia,Virginia_Beach,d8,0,0.6,0.85,0
Virginia,Virginia_Beach,d9,0,0.4,0.5,0
Washington,Seattle,52966,1,0.87,0.9,0
Washington,Seattle,sub1,0,0.7,0.6,0
Washington,Seattle,31720,0,0.6,1,0
Washington,Seattle,31828,1,0.5,1,0
Washington,Seattle,32008,1,0.7,0.8,0
Washington,Seattle,33550,1,0.8,1,0
Washington,Seattle,43924,1,0.7,0.7,0
Washington,Seattle,44383,1,0.75,0.75,0
Washington,Seattle,52807,0,0.77,0.55,0
Washington,Seattle,57337,1,0.9,0.9,0
Washington,Seattle,57346,1,0.9,1,0
Washington,Seattle,57394,1,0.8,0.89,0
Washington,Seattle,57427,1,0.8,0.6,0
Washington,Seattle,57436,1,0.9,1,0
Washington,Seattle,666,0,0.6,1,0
Washington,Seattle,a,1,0.87,1,0
Washington,Seattle,a2,0,0.9,1,0
Washington,Seattle,b2,1,0.9,1,0
Washington,Seattle,b3,1,0.85,1,0
Washington,Seattle,b4,1,0.7,0.7,0
Washington,Seattle,b5,0,0.75,0.8,0
Washington,Seattle,c1,0,0.8,1,0
Washington,Seattle,c2,1,0.7,0.6,0
Washington,Seattle,c3,1,0.8,0.7,0
Washington,Seattle,c4,0,0.45,1,0
Washington,Seattle,d10,1,0.9,0.8,0
Washington,Seattle,d2,1,0.6,0.8,0
Washington,Seattle,d3,1,0.8,0.5,0
Washington,Seattle,d6,1,0.7,0.9,0
Washington,Seattle,d6b,1,0.75,0.5,0
Washington,Seattle,d7,0,0.7,1,0
Washington,Seattle,d8,1,0.9,0.95,0
Washington,Seattle,d9,0,0.2,0.6,0
West_Virginia,Charleston,52966,0,0.75,0.8,1
West_Virginia,Charleston,sub1,0,0.5,0.5,1
West_Virginia,Charleston,31720,1,0.7,0.6,1
West_Virginia,Charleston,31828,0,0.5,1,1
West_Virginia,Charleston,32008,1,0.7,1,1
West_Virginia,Charleston,33550,0,0.5,0.5,1
West_Virginia,Charleston,43924,1,0.8,0.8,1
West_Virginia,Charleston,44383,0,0.7,0.6,1
West_Virginia,Charleston,52807,0,0.55,0.99,1
West_Virginia,Charleston,57337,1,0.7,0.6,1
West_Virginia,Charleston,57346,0,0.1,0.8,1
West_Virginia,Charleston,57394,1,0.7,0.75,1
West_Virginia,Charleston,57427,1,0.7,0.53,1
West_Virginia,Charleston,57436,1,0.85,0.6,1
West_Virginia,Charleston,666,1,0.7,1,1
West_Virginia,Charleston,a,1,0.78,1,1
West_Virginia,Charleston,a2,0,0.65,0.55,1
West_Virginia,Charleston,b2,0,0.4,1,1
West_Virginia,Charleston,b3,0,0.46,0.5,1
West_Virginia,Charleston,b4,1,0.6,0.8,1
West_Virginia,Charleston,b5,1,0.9,0.9,1
West_Virginia,Charleston,c1,1,0.6,0.8,1
West_Virginia,Charleston,c2,1,0.4,0.6,1
West_Virginia,Charleston,c3,1,0.7,0.6,1
West_Virginia,Charleston,c4,1,0.8,0.7,1
West_Virginia,Charleston,d10,1,0.85,0.5,1
West_Virginia,Charleston,d2,0,0.5,0.5,1
West_Virginia,Charleston,d3,1,0.5,0.5,1
West_Virginia,Charleston,d6,1,0.6,0.5,1
West_Virginia,Charleston,d6b,1,0.75,0.6,1
West_Virginia,Charleston,d7,1,0.8,0.8,1
West_Virginia,Charleston,d8,0,0.8,0.65,1
West_Virginia,Charleston,d9,1,0.5,0.5,1
Wisconsin,Milwaukee,52966,1,0.7,0.6,0
Wisconsin,Milwaukee,sub1,0,0.3,0.6,0
Wisconsin,Milwaukee,31720,0,0.6,0.85,0
Wisconsin,Milwaukee,31828,0,0.6,1,0
Wisconsin,Milwaukee,32008,0,0.5,1,0
Wisconsin,Milwaukee,33550,1,0.8,0.8,0
Wisconsin,Milwaukee,43924,0,0.9,1,0
Wisconsin,Milwaukee,44383,1,0.65,0.65,0
Wisconsin,Milwaukee,52807,0,0.55,0.66,0
Wisconsin,Milwaukee,57337,1,0.8,1,0
Wisconsin,Milwaukee,57346,1,0.9,0.9,0
Wisconsin,Milwaukee,57394,1,0.6,0.6,0
Wisconsin,Milwaukee,57427,0,0.7,0.55,0
Wisconsin,Milwaukee,57436,0,0.2,1,0
Wisconsin,Milwaukee,666,0,0.5,1,0
Wisconsin,Milwaukee,a,1,0.76,0.96,0
Wisconsin,Milwaukee,a2,0,0.7,0.6,0
Wisconsin,Milwaukee,b2,1,0.85,1,0
Wisconsin,Milwaukee,b3,0,0.43,0.58,0
Wisconsin,Milwaukee,b4,1,1,0.6,0
Wisconsin,Milwaukee,b5,1,0.8,0.6,0
Wisconsin,Milwaukee,c1,0,0.7,1,0
Wisconsin,Milwaukee,c2,0,0.5,0.5,0
Wisconsin,Milwaukee,c3,1,0.7,0.6,0
Wisconsin,Milwaukee,c4,0,0.3,0.8,0
Wisconsin,Milwaukee,d10,1,0.85,0.5,0
Wisconsin,Milwaukee,d2,0,0.3,0.5,0
Wisconsin,Milwaukee,d3,0,0.5,0.5,0
Wisconsin,Milwaukee,d6,1,0.6,0.5,0
Wisconsin,Milwaukee,d6b,1,0.75,0.75,0
Wisconsin,Milwaukee,d7,0,0.6,0.6,0
Wisconsin,Milwaukee,d8,1,0.8,0.9,0
Wisconsin,Milwaukee,d9,1,0.5,0.5,0
Wyoming,Cheyenne,52966,1,0.7,0.65,1
Wyoming,Cheyenne,sub1,0,0.5,0.7,1
Wyoming,Cheyenne,31720,1,0.65,0.55,1
Wyoming,Cheyenne,31828,1,0.5,1,1
Wyoming,Cheyenne,32008,1,0.65,1,1
Wyoming,Cheyenne,33550,0,0.8,1,1
Wyoming,Cheyenne,43924,1,0.8,0.7,1
Wyoming,Cheyenne,44383,1,0.5,0.6,1
Wyoming,Cheyenne,52807,1,0.55,1,1
Wyoming,Cheyenne,57337,0,0.5,0.6,1
Wyoming,Cheyenne,57346,0,0.9,1,1
Wyoming,Cheyenne,57394,1,0.85,0.9,1
Wyoming,Cheyenne,57427,1,0.6,0.6,1
Wyoming,Cheyenne,57436,1,0.9,1,1
Wyoming,Cheyenne,666,1,0.7,1,1
Wyoming,Cheyenne,a,1,0.54,1,1
Wyoming,Cheyenne,a2,1,0.7,0.75,1
Wyoming,Cheyenne,b2,1,0.7,1,1
Wyoming,Cheyenne,b3,1,0.63,0.6,1
Wyoming,Cheyenne,b4,1,0.5,0.5,1
Wyoming,Cheyenne,b5,1,0.8,1,1
Wyoming,Cheyenne,c1,1,0.7,0.8,1
Wyoming,Cheyenne,c2,1,0.6,0.6,1
Wyoming,Cheyenne,c3,1,0.9,1,1
Wyoming,Cheyenne,c4,1,0.7,0.75,1
Wyoming,Cheyenne,d10,1,0.85,0.5,1
Wyoming,Cheyenne,d2,0,0.8,0.5,1
Wyoming,Cheyenne,d3,0,0.5,0.5,1
Wyoming,Cheyenne,d6,0,0.6,0.5,1
Wyoming,Cheyenne,d6b,1,0.5,0.5,1
Wyoming,Cheyenne,d7,1,0.9,0.9,1
Wyoming,Cheyenne,d8,0,0.75,0.65,1
Wyoming,Cheyenne,d9,1,0.5,0.5,1
